DROP TABLE IF EXISTS `tbl_admin`;
CREATE TABLE IF NOT EXISTS `tbl_admin` (
  `id_admin` int NOT NULL AUTO_INCREMENT,
  `username` varchar(15) NOT NULL,
  `password` varchar(40) NOT NULL,
  `nama` varchar(50) NOT NULL,
  `hak_akses` varchar(15) NOT NULL,
  `last_login` datetime NOT NULL,
  PRIMARY KEY (`id_admin`)
) ;

REPLACE INTO `tbl_admin` (`id_admin`, `username`, `password`, `nama`, `hak_akses`, `last_login`) VALUES
	(1, 'admin', 'admin', 'Admin', 'admin', '2024-02-13 00:06:41');

DROP TABLE IF EXISTS `tbl_conf`;
CREATE TABLE IF NOT EXISTS `tbl_conf` (
  `id_conf` int NOT NULL,
  `nama_instansi` varchar(50) NOT NULL,
  `alamat_instansi` varchar(50) NOT NULL,
  `deskripsi` varchar(50) NOT NULL,
  `nama_aplikasi` varchar(50) NOT NULL,
  `halaman_bantuan` text NOT NULL,
  PRIMARY KEY (`id_conf`)
);

REPLACE INTO `tbl_conf` (`id_conf`, `nama_instansi`, `alamat_instansi`, `deskripsi`, `nama_aplikasi`, `halaman_bantuan`) VALUES
	(0, 'Pemilihan Perusahaan Otobus', 'Mojokerto', 'SPK SMART SKRIPSI', 'Sistem Pendukung Keputusan', '<p><b>Sistem Pendukung Keputusan</b>&nbsp;merupakan sistem yang merekomendasikan kepada pengguna dalam menentukan <i>Pemilihan Perusahan Otobus</i>&nbsp;yang sesuai dengan kriteria pengguna.</p><p>Adapun tahapan-tahapan dalam pengoperasian sistem ini, yaitu:</p><ol><li>Pengguna masuk kedalam tab <b>Cari Rekomendasi</b>&nbsp;untuk bisa memilih beberapa opsi <i>Perusahaan Otobus</i>&nbsp;yang akan dipilihnya</li><li>Pengguna memilih 2&nbsp;<i>Perusahaan Otobus</i>&nbsp;untuk nanti dibandingkan.</li><li>Selesai memilih, klik tombol paling bawah yang bertuliskan <b>Menuju Pembobotan</b>&nbsp;untuk menjawab beberapa pertanyaan agar lebih spesifik.</li><li>Jawab pertanyaan dengan jawaban yang sesuai dengan kriteria pengguna</li><li>Setelah terisi semua, klik tombol tampilkan hasil</li><li>Sistem akan memberikan hasil rekomendasi berdasarkan pilihan dan kriteria anda</li></ol><p>Sekian dan Terima Kasih</p>');

DROP TABLE IF EXISTS `tbl_perusahaan`;
CREATE TABLE IF NOT EXISTS `tbl_perusahaan` (
  `id` int NOT NULL AUTO_INCREMENT,
  `namap` varchar(15) NOT NULL,
  `bentuk` varchar(20) NOT NULL,
  `tipe` varchar(5) NOT NULL,
  `tseat` varchar(15) NOT NULL,
  `kapasitas` varchar(15) NOT NULL,
  `toilet` int NOT NULL,
  `smoking` int NOT NULL,
  `cepat` varchar(25) NOT NULL,
  `jenis` varchar(15) NOT NULL,
  `tahun` varchar(15) NOT NULL,
  `jbus` varchar(15) NOT NULL,
  `harga` int NOT NULL,
  `foto` varchar(50) NOT NULL,
  `nilai_tipe` int NOT NULL,
  `nilai_toilet` int NOT NULL,
  `nilai_tseat` int NOT NULL,
  `nilai_smoking` int NOT NULL,
  `nilai_kapasitas` int NOT NULL,
  `nilai_cepat` int NOT NULL,
  `nilai_tahun` int NOT NULL,
  `nilai_jbus` int NOT NULL,
  `nilai_harga` int NOT NULL,
  PRIMARY KEY (`id`)
);

REPLACE INTO `tbl_perusahaan` (`id`, `namap`, `bentuk`, `tipe`, `tseat`, `kapasitas`, `toilet`, `smoking`, `cepat`, `jenis`, `tahun`, `jbus`, `harga`, `foto`, `nilai_tipe`, `nilai_toilet`, `nilai_tseat`, `nilai_smoking`, `nilai_kapasitas`, `nilai_cepat`, `nilai_tahun`, `nilai_jbus`, `nilai_harga`) VALUES
	(125, '27TRANS', 'PT', '3.5', '2', '45', 1, 0, '140', 'PREMIUM CLASS', '2019', '10', 4200000, '27TRANS_PT.jpg', 1, 2, 1, 2, 1, 2, 1, 2, 1),
	(126, '27TRANS', 'PT', '5', '2', '50', 0, 1, '140', 'PREMIUM CLASS', '2019', '15', 5000000, '27TRANS_PT.jpeg', 1, 2, 2, 2, 2, 2, 2, 2, 2),
	(127, 'PANDAWA87', 'PT', '5', '2', '48', 1, 1, '150', 'PREMIUM CLASS', '2023', '1', 6000000, 'PANDAWA87_PT.jpg', 2, 1, 1, 2, 2, 1, 2, 1, 1),
	(128, 'PANDAWA87', 'PT', '3.5', '2', '45', 0, 0, '150', 'PREMIUM CLASS', '2019', '15', 5200000, 'PANDAWA87_PT.jpg', 2, 1, 1, 3, 2, 1, 1, 1, 1),
	(129, 'PANDAWA87', 'PT', '3', '3', '35', 0, 0, '140', 'EXECUTIVE CLASS', '2018', '6', 3700000, 'PANDAWA87_PT.jpg', 1, 2, 1, 2, 3, 1, 1, 1, 1),
	(130, 'PANDAWA87', 'PT', '3.5', '2', '47', 1, 0, '140', 'PREMIUM CLASS', '2019', '10', 5500000, 'PANDAWA87_PT.jpg', 1, 1, 1, 1, 1, 1, 1, 1, 1),
	(131, 'PANDAWA87', 'PT', '3.5', '2', '50', 0, 1, '140', 'PREMIUM CLASS', '2019', '7', 5500000, 'PANDAWA87_PT.jpg', 3, 3, 3, 3, 3, 3, 3, 3, 3),
	(132, 'JURAGAN99', 'PT', '3.5', '2', '46', 0, 1, '150', 'PREMIUM CLASS', '2019', '13', 5000000, 'JURAGAN99_PT.jpeg', 1, 1, 1, 1, 1, 1, 1, 1, 1),
	(133, 'JURAGAN99', 'PT', '3.5', '2', '46', 1, 0, '150', 'PREMIUM CLASS', '2019', '10', 5000000, 'JURAGAN99_PT.jpeg', 2, 2, 2, 2, 2, 2, 1, 2, 1),
	(134, 'MAWARJAYA', 'PO', '3.5', '2', '45', 0, 0, '140', 'PREMIUM CLASS', '2019', '4', 4300000, 'MAWARJAYA_PO.jpeg', 3, 2, 3, 1, 3, 1, 3, 1, 3),
	(135, 'EXCEPTURI CONSE', 'Sapiente Voluptatem ', '50', '68', '19', 75, 2, '100', 'Ut Vel Quae Eni', '2018', '72', 2000000, 'sp1.jpeg', 3, 2, 1, 3, 1, 2, 1, 2, 3),
	(136, 'FAKEBUSS', 'PT', '3', '2', '16', 1, 0, '100', 'Premium', '2019', '1', 2000000, 'sp1.jpeg', 2, 2, 1, 2, 1, 2, 1, 1, 1),
	(137, 'FAKE BUSSISMAN', 'PT', '3', '2', '16', 1, 1, '100', 'Premium', '2018', '2', 2000000, 'sp1.jpeg', 2, 3, 3, 3, 3, 3, 2, 3, 2);

DROP TABLE IF EXISTS `tbl_user`;
CREATE TABLE IF NOT EXISTS `tbl_user` (
  `id_user` int NOT NULL AUTO_INCREMENT,
  `username` varchar(20) NOT NULL,
  `password` varchar(20) NOT NULL,
  `nama` varchar(50) NOT NULL,
  `last_login` datetime NOT NULL,
  PRIMARY KEY (`id_user`)
);


REPLACE INTO `tbl_user` (`id_user`, `username`, `password`, `nama`, `last_login`) VALUES
	(9, 'damaaa', 'admfbsyhh', 'Damm', '2024-02-12 18:18:20'),
	(10, 'rifainut', 'nut1234', 'Moch Rifai', '2024-02-13 00:08:19'),
	(16, 'cobasa', 'Admfbsyh', 'Adam', '2024-01-24 09:56:52');


DROP TABLE IF EXISTS `tbl_kriteria`;
CREATE TABLE IF NOT EXISTS `tbl_kriteria` (
  `id_kriteria` int NOT NULL AUTO_INCREMENT,
  `kriteria` varchar(40) NOT NULL,
  `bobot` int DEFAULT NULL,
  PRIMARY KEY (`id_kriteria`)
);

-- Dumping data for table db_smart.tbl_kriteria: ~13 rows (approximately)
REPLACE INTO `tbl_kriteria` (`id_kriteria`, `kriteria`, `bobot`) VALUES
	(1, 'Tipe Bus', 20),
	(2, 'Fasilitas Toilet', 20),
	(3, 'Fasilitas Smoking Area', 20),
	(4, 'Kursi Style', 10),
	(5, 'Kapasitas Kursi', 20),
	(6, 'Kecepatan Bus', 20),
	(7, 'Tahun Rilis', 20),
	(8, 'Jumlah Bus', 20),
	(9, 'Harga', 20);


DROP TABLE IF EXISTS `tbl_perhitungan`;
CREATE TABLE IF NOT EXISTS `tbl_perhitungan` (
  `id_perhitungan` int NOT NULL AUTO_INCREMENT,
  `tanggal` timestamp NULL DEFAULT NULL,
  PRIMARY KEY (`id_perhitungan`)
);


REPLACE INTO `tbl_perhitungan` (`id_perhitungan`, `tanggal`) VALUES
	(27, '2024-01-24 05:19:31'),
	(28, '2024-02-05 15:30:18'),
	(29, '2024-02-05 15:31:19'),
	(30, NULL),
	(31, NULL),
	(32, NULL),
	(33, NULL),
	(34, NULL),
	(35, NULL),
	(36, NULL),
	(37, NULL),
	(38, NULL),
	(39, NULL),
	(40, NULL),
	(41, NULL),
	(42, NULL),
	(43, NULL),
	(44, NULL),
	(45, NULL),
	(46, NULL),
	(47, NULL),
	(48, NULL),
	(49, NULL),
	(50, NULL),
	(51, NULL),
	(52, NULL),
	(53, NULL),
	(54, NULL),
	(55, NULL),
	(56, NULL),
	(57, NULL),
	(58, NULL),
	(59, NULL),
	(60, NULL),
	(61, NULL),
	(62, NULL),
	(63, NULL),
	(64, NULL),
	(65, NULL),
	(66, NULL),
	(67, NULL);


DROP TABLE IF EXISTS `tbl_pertanyaan`;
CREATE TABLE IF NOT EXISTS `tbl_pertanyaan` (
  `id_pertanyaan` int NOT NULL AUTO_INCREMENT,
  `id_kriteria` int NOT NULL,
  `pertanyaan` text NOT NULL,
  PRIMARY KEY (`id_pertanyaan`),
  KEY `id_kriteria` (`id_kriteria`),
  CONSTRAINT `tbl_pertanyaan_ibfk_1` FOREIGN KEY (`id_kriteria`) REFERENCES `tbl_kriteria` (`id_kriteria`)
);


REPLACE INTO `tbl_pertanyaan` (`id_pertanyaan`, `id_kriteria`, `pertanyaan`) VALUES
	(1, 1, 'Apakah anda membutuhkan Tipe Bus versi terbaru?'),
	(2, 2, 'Apakah anda membutuhkan Fasilitas Toilet ?'),
	(3, 3, 'Apakah anda membutuhkan Fasilitas Smoking-Area?'),
	(4, 4, 'Apakah anda membutuhkan style kursi 2+2? (standart)'),
	(5, 5, 'Apakah anda membutuhkan kapasitas kursi lebih dari 30?'),
	(6, 6, 'Apakah bus yang anda gunakan harus cepat?'),
	(7, 7, 'Apakah anda membutuhkan bus keluaran terbaru?'),
	(8, 8, 'Apakah anda membutuhkan banyak bus ?'),
	(9, 9, 'Apakah anda menginginkan harga yang terjangkau ?');

DROP TABLE IF EXISTS `tbl_detail_perhitungan`;
CREATE TABLE IF NOT EXISTS `tbl_detail_perhitungan` (
  `id_detail` int NOT NULL AUTO_INCREMENT,
  `id_perhitungan` int NOT NULL,
  `id_perusahaan` int NOT NULL,
  `skor_akhir` float NOT NULL,
  `id_user` int NOT NULL,
  PRIMARY KEY (`id_detail`),
  KEY `id_perhitungan` (`id_perhitungan`),
  KEY `id_smartphone` (`id_perusahaan`),
  KEY `id_user` (`id_user`),
  CONSTRAINT `tbl_detail_perhitungan_ibfk_1` FOREIGN KEY (`id_perhitungan`) REFERENCES `tbl_perhitungan` (`id_perhitungan`),
  CONSTRAINT `tbl_detail_perhitungan_ibfk_2` FOREIGN KEY (`id_perusahaan`) REFERENCES `tbl_perusahaan` (`id`),
  CONSTRAINT `tbl_detail_perhitungan_ibfk_3` FOREIGN KEY (`id_user`) REFERENCES `tbl_user` (`id_user`)
);

REPLACE INTO `tbl_detail_perhitungan` (`id_detail`, `id_perhitungan`, `id_perusahaan`, `skor_akhir`, `id_user`) VALUES
	(127, 27, 126, 0.333333, 10),
	(128, 27, 125, 0.288889, 10),
	(129, 27, 132, 0.288889, 10),
	(130, 27, 133, 0.288889, 10),
	(131, 27, 134, 0.288889, 10),
	(132, 27, 129, 0.377778, 10),
	(133, 27, 128, 0.333333, 10),
	(134, 27, 131, 0.333333, 10),
	(135, 27, 130, 0.333333, 10),
	(136, 27, 127, 0.422222, 10),
	(137, 28, 126, 0.375, 10),
	(138, 28, 132, 0.333333, 10),
	(139, 28, 133, 0.333333, 10),
	(140, 29, 126, 0.375, 10),
	(141, 29, 132, 0.333333, 10),
	(142, 29, 133, 0.333333, 10),
	(143, 30, 125, 0.261905, 9),
	(144, 30, 133, 0.261905, 9),
	(145, 30, 128, 0.309524, 9),
	(146, 30, 131, 0.309524, 9),
	(147, 31, 126, 0.333333, 9),
	(148, 31, 125, 0.291667, 9),
	(149, 31, 132, 0.291667, 9),
	(150, 31, 133, 0.291667, 9),
	(151, 31, 134, 0.291667, 9),
	(152, 31, 128, 0.333333, 9),
	(153, 31, 129, 0.375, 9),
	(154, 31, 131, 0.333333, 9),
	(155, 31, 130, 0.333333, 9),
	(156, 31, 127, 0.458333, 9),
	(157, 33, 126, 0.647059, 9),
	(158, 33, 125, 0.294118, 9),
	(159, 33, 135, 0.490196, 9),
	(160, 34, 126, 0.647059, 9),
	(161, 34, 125, 0.294118, 9),
	(162, 34, 135, 0.490196, 9),
	(163, 35, 126, 0.647059, 9),
	(164, 35, 125, 0.294118, 9),
	(165, 35, 135, 0.490196, 9),
	(166, 36, 126, 0.647059, 9),
	(167, 36, 125, 0.294118, 9),
	(168, 36, 135, 0.490196, 9),
	(169, 37, 126, 0.923077, 9),
	(170, 37, 125, 0.461538, 9),
	(171, 37, 135, 0.538462, 9),
	(172, 38, 126, 0.6, 9),
	(173, 38, 125, 0.2, 9),
	(174, 38, 135, 0.466667, 9),
	(175, 39, 126, 0.647059, 10),
	(176, 39, 125, 0.294118, 10),
	(177, 39, 135, 0.45098, 10),
	(178, 40, 126, 0.27451, 10),
	(179, 40, 125, 0.235294, 10),
	(180, 40, 135, 0.372549, 10),
	(181, 40, 132, 0.235294, 10),
	(182, 40, 133, 0.235294, 10),
	(183, 40, 134, 0.235294, 10),
	(184, 40, 128, 0.27451, 10),
	(185, 40, 129, 0.313726, 10),
	(186, 40, 131, 0.27451, 10),
	(187, 40, 130, 0.27451, 10),
	(188, 40, 127, 0.352941, 10),
	(189, 41, 126, 0.333333, 10),
	(190, 41, 125, 0.288889, 10),
	(191, 41, 135, 0.377778, 10),
	(192, 41, 132, 0.288889, 10),
	(193, 41, 133, 0.288889, 10),
	(194, 41, 134, 0.288889, 10),
	(195, 41, 128, 0.333333, 10),
	(196, 41, 129, 0.377778, 10),
	(197, 41, 131, 0.333333, 10),
	(198, 41, 130, 0.333333, 10),
	(199, 41, 127, 0.422222, 10),
	(200, 42, 126, 0.333333, 10),
	(201, 42, 125, 0.288889, 10),
	(202, 42, 135, 0.4, 10),
	(203, 42, 132, 0.288889, 10),
	(204, 42, 133, 0.288889, 10),
	(205, 42, 134, 0.288889, 10),
	(206, 42, 128, 0.333333, 10),
	(207, 42, 129, 0.311111, 10),
	(208, 42, 131, 0.333333, 10),
	(209, 42, 130, 0.333333, 10),
	(210, 42, 127, 0.466667, 10),
	(211, 43, 126, 0.9375, 10),
	(212, 43, 125, 0.5, 10),
	(213, 43, 135, 0.541667, 10),
	(214, 44, 126, 0.846154, 10),
	(215, 44, 125, 0.461538, 10),
	(216, 44, 135, 0.538462, 10),
	(217, 45, 126, 0.866667, 10),
	(218, 45, 125, 0.4, 10),
	(219, 45, 135, 0.555556, 10),
	(220, 46, 126, 0.866667, 10),
	(221, 46, 125, 0.4, 10),
	(222, 46, 135, 0.555556, 10),
	(223, 49, 126, 0.866667, 10),
	(224, 49, 125, 0.4, 10),
	(225, 49, 135, 0.555556, 10),
	(226, 51, 126, 0.866667, 10),
	(227, 51, 125, 0.4, 10),
	(228, 51, 135, 0.555556, 10),
	(229, 52, 126, 0.333333, 10),
	(230, 52, 125, 0.288889, 10),
	(231, 52, 135, 0.422222, 10),
	(232, 52, 132, 0.288889, 10),
	(233, 52, 133, 0.288889, 10),
	(234, 52, 134, 0.288889, 10),
	(235, 52, 128, 0.333333, 10),
	(236, 52, 129, 0.311111, 10),
	(237, 52, 131, 0.333333, 10),
	(238, 52, 130, 0.333333, 10),
	(239, 52, 127, 0.466667, 10),
	(240, 53, 126, 0.866667, 10),
	(241, 53, 125, 0.4, 10),
	(242, 53, 135, 0.5, 10),
	(243, 57, 126, 0.866667, 10),
	(244, 57, 125, 0.4, 10),
	(245, 57, 135, 0.5, 10),
	(246, 57, 132, 0, 10),
	(247, 57, 133, 0.733333, 10),
	(248, 57, 134, 0.666667, 10),
	(249, 57, 128, 0.2, 10),
	(250, 57, 129, 0.233333, 10),
	(251, 57, 131, 0, 10),
	(252, 57, 130, 0, 10),
	(253, 57, 127, 0.466667, 10),
	(254, 58, 126, 0.333333, 10),
	(255, 58, 125, 0.288889, 10),
	(256, 58, 135, 0.422222, 10),
	(257, 58, 132, 0.288889, 10),
	(258, 58, 133, 0.288889, 10),
	(259, 58, 134, 0.288889, 10),
	(260, 58, 128, 0.333333, 10),
	(261, 58, 129, 0.311111, 10),
	(262, 58, 131, 0.333333, 10),
	(263, 58, 130, 0.333333, 10),
	(264, 58, 127, 0.466667, 10),
	(265, 59, 126, 0.333333, 10),
	(266, 59, 125, 0.288889, 10),
	(267, 59, 135, 0.422222, 10),
	(268, 59, 132, 0.288889, 10),
	(269, 59, 133, 0.288889, 10),
	(270, 59, 134, 0.288889, 10),
	(271, 59, 128, 0.333333, 10),
	(272, 59, 129, 0.311111, 10),
	(273, 59, 131, 0.333333, 10),
	(274, 59, 130, 0.333333, 10),
	(275, 59, 127, 0.466667, 10),
	(276, 60, 126, 0.866667, 10),
	(277, 60, 125, 0.4, 10),
	(278, 60, 135, 0.5, 10),
	(279, 60, 132, 0, 10),
	(280, 60, 133, 0.733333, 10),
	(281, 60, 134, 0.666667, 10),
	(282, 60, 128, 0.2, 10),
	(283, 60, 129, 0.233333, 10),
	(284, 60, 131, 0, 10),
	(285, 60, 130, 0, 10),
	(286, 60, 127, 0.466667, 10),
	(287, 61, 126, 0.846154, 10),
	(288, 61, 125, 0.461538, 10),
	(289, 61, 135, 0.538462, 10),
	(290, 61, 136, 0.538462, 10),
	(291, 61, 132, 0, 10),
	(292, 61, 133, 0.769231, 10),
	(293, 61, 134, 0.576923, 10),
	(294, 61, 128, 0.269231, 10),
	(295, 61, 129, 0.192308, 10),
	(296, 61, 131, 0, 10),
	(297, 61, 130, 0, 10),
	(298, 61, 127, 0.538462, 10),
	(299, 62, 126, 0.909091, 10),
	(300, 62, 125, 0.454545, 10),
	(301, 62, 135, 0.590909, 10),
	(302, 62, 136, 0.454545, 10),
	(303, 62, 132, 0, 10),
	(304, 62, 133, 0.727273, 10),
	(305, 62, 134, 0.590909, 10),
	(306, 62, 128, 0.272727, 10),
	(307, 62, 129, 0.227273, 10),
	(308, 62, 131, 0, 10),
	(309, 62, 130, 0, 10),
	(310, 62, 127, 0.454545, 10),
	(311, 63, 126, 0.9, 10),
	(312, 63, 125, 0.4, 10),
	(313, 63, 135, 0.55, 10),
	(314, 63, 136, 0.4, 10),
	(315, 63, 132, 0, 10),
	(316, 63, 133, 0.7, 10),
	(317, 63, 134, 0.65, 10),
	(318, 63, 128, 0.2, 10),
	(319, 63, 129, 0.2, 10),
	(320, 63, 131, 0, 10),
	(321, 63, 130, 0, 10),
	(322, 63, 127, 0.4, 10),
	(323, 64, 126, 0.875, 10),
	(324, 64, 125, 0.4375, 10),
	(325, 64, 135, 0.4375, 10),
	(326, 64, 136, 0.4375, 10),
	(327, 64, 132, 0, 10),
	(328, 64, 133, 0.8125, 10),
	(329, 64, 134, 0.625, 10),
	(330, 64, 128, 0.1875, 10),
	(331, 64, 129, 0.21875, 10),
	(332, 64, 131, 0, 10),
	(333, 64, 130, 0, 10),
	(334, 64, 127, 0.4375, 10),
	(335, 65, 126, 0.928571, 10),
	(336, 65, 125, 0.5, 10),
	(337, 65, 135, 0.5, 10),
	(338, 65, 136, 0.428571, 10),
	(339, 65, 132, 0, 10),
	(340, 65, 133, 0.785714, 10),
	(341, 65, 134, 0.571429, 10),
	(342, 65, 128, 0.142857, 10),
	(343, 65, 129, 0.178571, 10),
	(344, 65, 131, 0, 10),
	(345, 65, 130, 0, 10),
	(346, 65, 127, 0.285714, 10),
	(347, 66, 126, 0.882353, 10),
	(348, 66, 125, 0.470588, 10),
	(349, 66, 135, 0.470588, 10),
	(350, 66, 136, 0.470588, 10),
	(351, 66, 132, 0, 10),
	(352, 66, 133, 0.823529, 10),
	(353, 66, 134, 0.588235, 10),
	(354, 66, 128, 0.235294, 10),
	(355, 66, 129, 0.235294, 10),
	(356, 66, 131, 0, 10),
	(357, 66, 130, 0, 10),
	(358, 66, 127, 0.470588, 10),
	(359, 67, 126, 0.875, 10),
	(360, 67, 125, 0.5, 10),
	(361, 67, 135, 0.5, 10),
	(362, 67, 137, 0.75, 10),
	(363, 67, 136, 0.5, 10),
	(364, 67, 132, 0, 10),
	(365, 67, 133, 0.875, 10),
	(366, 67, 134, 0.5625, 10),
	(367, 67, 128, 0.25, 10),
	(368, 67, 129, 0.25, 10),
	(369, 67, 131, 0, 10),
	(370, 67, 130, 0, 10),
	(371, 67, 127, 0.4375, 10);



DROP TABLE IF EXISTS `tbl_normalisasi`;
CREATE TABLE IF NOT EXISTS `tbl_normalisasi` (
  `id_normalisasi` int NOT NULL AUTO_INCREMENT,
  `id_detail` int NOT NULL,
  `normalisasi` float NOT NULL,
  `utilities` float NOT NULL,
  PRIMARY KEY (`id_normalisasi`),
  KEY `id_detail` (`id_detail`),
  CONSTRAINT `tbl_normalisasi_ibfk_1` FOREIGN KEY (`id_detail`) REFERENCES `tbl_detail_perhitungan` (`id_detail`)
);


REPLACE INTO `tbl_normalisasi` (`id_normalisasi`, `id_detail`, `normalisasi`, `utilities`) VALUES
	(1135, 127, 0.133333, 0.666667),
	(1136, 127, 0.133333, 0),
	(1137, 127, 0.0666667, 0),
	(1138, 127, 0.133333, 0),
	(1139, 127, 0.133333, 0.666667),
	(1140, 127, 0.0666667, 1),
	(1141, 127, 0.0666667, 0),
	(1142, 127, 0.133333, 0),
	(1143, 127, 0.133333, 0.666667),
	(1144, 128, 0.133333, 0.333333),
	(1145, 128, 0.133333, 0),
	(1146, 128, 0.0666667, 0),
	(1147, 128, 0.133333, 0),
	(1148, 128, 0.133333, 0.666667),
	(1149, 128, 0.0666667, 1),
	(1150, 128, 0.0666667, 0),
	(1151, 128, 0.133333, 0),
	(1152, 128, 0.133333, 0.666667),
	(1153, 129, 0.133333, 0.333333),
	(1154, 129, 0.133333, 0),
	(1155, 129, 0.0666667, 0),
	(1156, 129, 0.133333, 0),
	(1157, 129, 0.133333, 0.666667),
	(1158, 129, 0.0666667, 1),
	(1159, 129, 0.0666667, 0),
	(1160, 129, 0.133333, 0),
	(1161, 129, 0.133333, 0.666667),
	(1162, 130, 0.133333, 0.333333),
	(1163, 130, 0.133333, 0),
	(1164, 130, 0.0666667, 0),
	(1165, 130, 0.133333, 0),
	(1166, 130, 0.133333, 0.666667),
	(1167, 130, 0.0666667, 1),
	(1168, 130, 0.0666667, 0),
	(1169, 130, 0.133333, 0),
	(1170, 130, 0.133333, 0.666667),
	(1171, 131, 0.133333, 0.333333),
	(1172, 131, 0.133333, 0),
	(1173, 131, 0.0666667, 0),
	(1174, 131, 0.133333, 0),
	(1175, 131, 0.133333, 0.666667),
	(1176, 131, 0.0666667, 1),
	(1177, 131, 0.0666667, 0),
	(1178, 131, 0.133333, 0),
	(1179, 131, 0.133333, 0.666667),
	(1180, 132, 0.133333, 0),
	(1181, 132, 0.133333, 0),
	(1182, 132, 0.0666667, 0),
	(1183, 132, 0.133333, 1),
	(1184, 132, 0.133333, 0.666667),
	(1185, 132, 0.0666667, 1),
	(1186, 132, 0.0666667, 0),
	(1187, 132, 0.133333, 0),
	(1188, 132, 0.133333, 0.666667),
	(1189, 133, 0.133333, 0.333333),
	(1190, 133, 0.133333, 0),
	(1191, 133, 0.0666667, 0),
	(1192, 133, 0.133333, 0),
	(1193, 133, 0.133333, 0.666667),
	(1194, 133, 0.0666667, 1),
	(1195, 133, 0.0666667, 0),
	(1196, 133, 0.133333, 0),
	(1197, 133, 0.133333, 1),
	(1198, 134, 0.133333, 0.333333),
	(1199, 134, 0.133333, 0),
	(1200, 134, 0.0666667, 0),
	(1201, 134, 0.133333, 0),
	(1202, 134, 0.133333, 0.666667),
	(1203, 134, 0.0666667, 1),
	(1204, 134, 0.0666667, 0),
	(1205, 134, 0.133333, 0),
	(1206, 134, 0.133333, 1),
	(1207, 135, 0.133333, 0.333333),
	(1208, 135, 0.133333, 0),
	(1209, 135, 0.0666667, 0),
	(1210, 135, 0.133333, 0),
	(1211, 135, 0.133333, 0.666667),
	(1212, 135, 0.0666667, 1),
	(1213, 135, 0.0666667, 0),
	(1214, 135, 0.133333, 0),
	(1215, 135, 0.133333, 1),
	(1216, 136, 0.133333, 0.666667),
	(1217, 136, 0.133333, 0),
	(1218, 136, 0.0666667, 0),
	(1219, 136, 0.133333, 0),
	(1220, 136, 0.133333, 0.666667),
	(1221, 136, 0.0666667, 1),
	(1222, 136, 0.0666667, 0.666667),
	(1223, 136, 0.133333, 0),
	(1224, 136, 0.133333, 1),
	(1225, 137, 0.125, 0.666667),
	(1226, 137, 0.0625, 0),
	(1227, 137, 0.0625, 0),
	(1228, 137, 0.125, 0),
	(1229, 137, 0.125, 0.666667),
	(1230, 137, 0.125, 1),
	(1231, 137, 0.125, 0),
	(1232, 137, 0.125, 0),
	(1233, 137, 0.125, 0.666667),
	(1234, 138, 0.125, 0.333333),
	(1235, 138, 0.0625, 0),
	(1236, 138, 0.0625, 0),
	(1237, 138, 0.125, 0),
	(1238, 138, 0.125, 0.666667),
	(1239, 138, 0.125, 1),
	(1240, 138, 0.125, 0),
	(1241, 138, 0.125, 0),
	(1242, 138, 0.125, 0.666667),
	(1243, 139, 0.125, 0.333333),
	(1244, 139, 0.0625, 0),
	(1245, 139, 0.0625, 0),
	(1246, 139, 0.125, 0),
	(1247, 139, 0.125, 0.666667),
	(1248, 139, 0.125, 1),
	(1249, 139, 0.125, 0),
	(1250, 139, 0.125, 0),
	(1251, 139, 0.125, 0.666667),
	(1252, 140, 0.125, 0.666667),
	(1253, 140, 0.0625, 0),
	(1254, 140, 0.0625, 0),
	(1255, 140, 0.125, 0),
	(1256, 140, 0.125, 0.666667),
	(1257, 140, 0.125, 1),
	(1258, 140, 0.125, 0),
	(1259, 140, 0.125, 0),
	(1260, 140, 0.125, 0.666667),
	(1261, 141, 0.125, 0.333333),
	(1262, 141, 0.0625, 0),
	(1263, 141, 0.0625, 0),
	(1264, 141, 0.125, 0),
	(1265, 141, 0.125, 0.666667),
	(1266, 141, 0.125, 1),
	(1267, 141, 0.125, 0),
	(1268, 141, 0.125, 0),
	(1269, 141, 0.125, 0.666667),
	(1270, 142, 0.125, 0.333333),
	(1271, 142, 0.0625, 0),
	(1272, 142, 0.0625, 0),
	(1273, 142, 0.125, 0),
	(1274, 142, 0.125, 0.666667),
	(1275, 142, 0.125, 1),
	(1276, 142, 0.125, 0),
	(1277, 142, 0.125, 0),
	(1278, 142, 0.125, 0.666667),
	(1279, 143, 0.142857, 0.333333),
	(1280, 143, 0.142857, 0),
	(1281, 143, 0.142857, 0),
	(1282, 143, 0.142857, 0),
	(1283, 143, 0.0714286, 0.666667),
	(1284, 143, 0.0714286, 1),
	(1285, 143, 0.0714286, 0),
	(1286, 143, 0.0714286, 0),
	(1287, 143, 0.142857, 0.666667),
	(1288, 144, 0.142857, 0.333333),
	(1289, 144, 0.142857, 0),
	(1290, 144, 0.142857, 0),
	(1291, 144, 0.142857, 0),
	(1292, 144, 0.0714286, 0.666667),
	(1293, 144, 0.0714286, 1),
	(1294, 144, 0.0714286, 0),
	(1295, 144, 0.0714286, 0),
	(1296, 144, 0.142857, 0.666667),
	(1297, 145, 0.142857, 0.333333),
	(1298, 145, 0.142857, 0),
	(1299, 145, 0.142857, 0),
	(1300, 145, 0.142857, 0),
	(1301, 145, 0.0714286, 0.666667),
	(1302, 145, 0.0714286, 1),
	(1303, 145, 0.0714286, 0),
	(1304, 145, 0.0714286, 0),
	(1305, 145, 0.142857, 1),
	(1306, 146, 0.142857, 0.333333),
	(1307, 146, 0.142857, 0),
	(1308, 146, 0.142857, 0),
	(1309, 146, 0.142857, 0),
	(1310, 146, 0.0714286, 0.666667),
	(1311, 146, 0.0714286, 1),
	(1312, 146, 0.0714286, 0),
	(1313, 146, 0.0714286, 0),
	(1314, 146, 0.142857, 1),
	(1315, 147, 0.125, 0.666667),
	(1316, 147, 0.125, 0),
	(1317, 147, 0.125, 0),
	(1318, 147, 0.125, 0),
	(1319, 147, 0.0625, 0.666667),
	(1320, 147, 0.125, 1),
	(1321, 147, 0.125, 0),
	(1322, 147, 0.0625, 0),
	(1323, 147, 0.125, 0.666667),
	(1324, 148, 0.125, 0.333333),
	(1325, 148, 0.125, 0),
	(1326, 148, 0.125, 0),
	(1327, 148, 0.125, 0),
	(1328, 148, 0.0625, 0.666667),
	(1329, 148, 0.125, 1),
	(1330, 148, 0.125, 0),
	(1331, 148, 0.0625, 0),
	(1332, 148, 0.125, 0.666667),
	(1333, 149, 0.125, 0.333333),
	(1334, 149, 0.125, 0),
	(1335, 149, 0.125, 0),
	(1336, 149, 0.125, 0),
	(1337, 149, 0.0625, 0.666667),
	(1338, 149, 0.125, 1),
	(1339, 149, 0.125, 0),
	(1340, 149, 0.0625, 0),
	(1341, 149, 0.125, 0.666667),
	(1342, 150, 0.125, 0.333333),
	(1343, 150, 0.125, 0),
	(1344, 150, 0.125, 0),
	(1345, 150, 0.125, 0),
	(1346, 150, 0.0625, 0.666667),
	(1347, 150, 0.125, 1),
	(1348, 150, 0.125, 0),
	(1349, 150, 0.0625, 0),
	(1350, 150, 0.125, 0.666667),
	(1351, 151, 0.125, 0.333333),
	(1352, 151, 0.125, 0),
	(1353, 151, 0.125, 0),
	(1354, 151, 0.125, 0),
	(1355, 151, 0.0625, 0.666667),
	(1356, 151, 0.125, 1),
	(1357, 151, 0.125, 0),
	(1358, 151, 0.0625, 0),
	(1359, 151, 0.125, 0.666667),
	(1360, 152, 0.125, 0.333333),
	(1361, 152, 0.125, 0),
	(1362, 152, 0.125, 0),
	(1363, 152, 0.125, 0),
	(1364, 152, 0.0625, 0.666667),
	(1365, 152, 0.125, 1),
	(1366, 152, 0.125, 0),
	(1367, 152, 0.0625, 0),
	(1368, 152, 0.125, 1),
	(1369, 153, 0.125, 0),
	(1370, 153, 0.125, 0),
	(1371, 153, 0.125, 0),
	(1372, 153, 0.125, 1),
	(1373, 153, 0.0625, 0.666667),
	(1374, 153, 0.125, 1),
	(1375, 153, 0.125, 0),
	(1376, 153, 0.0625, 0),
	(1377, 153, 0.125, 0.666667),
	(1378, 154, 0.125, 0.333333),
	(1379, 154, 0.125, 0),
	(1380, 154, 0.125, 0),
	(1381, 154, 0.125, 0),
	(1382, 154, 0.0625, 0.666667),
	(1383, 154, 0.125, 1),
	(1384, 154, 0.125, 0),
	(1385, 154, 0.0625, 0),
	(1386, 154, 0.125, 1),
	(1387, 155, 0.125, 0.333333),
	(1388, 155, 0.125, 0),
	(1389, 155, 0.125, 0),
	(1390, 155, 0.125, 0),
	(1391, 155, 0.0625, 0.666667),
	(1392, 155, 0.125, 1),
	(1393, 155, 0.125, 0),
	(1394, 155, 0.0625, 0),
	(1395, 155, 0.125, 1),
	(1396, 156, 0.125, 0.666667),
	(1397, 156, 0.125, 0),
	(1398, 156, 0.125, 0),
	(1399, 156, 0.125, 0),
	(1400, 156, 0.0625, 0.666667),
	(1401, 156, 0.125, 1),
	(1402, 156, 0.125, 0.666667),
	(1403, 156, 0.0625, 0),
	(1404, 156, 0.125, 1),
	(1405, 157, 0.117647, 0),
	(1406, 157, 0.117647, 1),
	(1407, 157, 0.117647, 1),
	(1408, 157, 0.117647, 1),
	(1409, 157, 0.117647, 1),
	(1410, 157, 0.117647, 1),
	(1411, 157, 0.0588235, 1),
	(1412, 157, 0.0588235, 1),
	(1413, 157, 0.0588235, 1),
	(1414, 157, 0.117647, -1),
	(1415, 158, 0.117647, 0),
	(1416, 158, 0.117647, 1),
	(1417, 158, 0.117647, 1),
	(1418, 158, 0.117647, 0),
	(1419, 158, 0.117647, 0),
	(1420, 158, 0.117647, 1),
	(1421, 158, 0.0588235, 0),
	(1422, 158, 0.0588235, 1),
	(1423, 158, 0.0588235, 0),
	(1424, 158, 0.117647, -1),
	(1425, 159, 0.117647, 0.666667),
	(1426, 159, 0.117647, 0.666667),
	(1427, 159, 0.117647, 0.333333),
	(1428, 159, 0.117647, 0.666667),
	(1429, 159, 0.117647, 1),
	(1430, 159, 0.117647, 0.666667),
	(1431, 159, 0.0588235, 0.333333),
	(1432, 159, 0.0588235, 0),
	(1433, 159, 0.0588235, 0.666667),
	(1434, 159, 0.117647, -0.333333),
	(1435, 160, 0.117647, 0),
	(1436, 160, 0.117647, 1),
	(1437, 160, 0.117647, 1),
	(1438, 160, 0.117647, 1),
	(1439, 160, 0.117647, 1),
	(1440, 160, 0.117647, 1),
	(1441, 160, 0.0588235, 1),
	(1442, 160, 0.0588235, 1),
	(1443, 160, 0.0588235, 1),
	(1444, 160, 0.117647, -1),
	(1445, 161, 0.117647, 0),
	(1446, 161, 0.117647, 1),
	(1447, 161, 0.117647, 1),
	(1448, 161, 0.117647, 0),
	(1449, 161, 0.117647, 0),
	(1450, 161, 0.117647, 1),
	(1451, 161, 0.0588235, 0),
	(1452, 161, 0.0588235, 1),
	(1453, 161, 0.0588235, 0),
	(1454, 161, 0.117647, -1),
	(1455, 162, 0.117647, 0.666667),
	(1456, 162, 0.117647, 0.666667),
	(1457, 162, 0.117647, 0.333333),
	(1458, 162, 0.117647, 0.666667),
	(1459, 162, 0.117647, 1),
	(1460, 162, 0.117647, 0.666667),
	(1461, 162, 0.0588235, 0.333333),
	(1462, 162, 0.0588235, 0),
	(1463, 162, 0.0588235, 0.666667),
	(1464, 162, 0.117647, -0.333333),
	(1465, 163, 0.117647, 0),
	(1466, 163, 0.117647, 1),
	(1467, 163, 0.117647, 1),
	(1468, 163, 0.117647, 1),
	(1469, 163, 0.117647, 1),
	(1470, 163, 0.117647, 1),
	(1471, 163, 0.0588235, 1),
	(1472, 163, 0.0588235, 1),
	(1473, 163, 0.0588235, 1),
	(1474, 163, 0.117647, -1),
	(1475, 164, 0.117647, 0),
	(1476, 164, 0.117647, 1),
	(1477, 164, 0.117647, 1),
	(1478, 164, 0.117647, 0),
	(1479, 164, 0.117647, 0),
	(1480, 164, 0.117647, 1),
	(1481, 164, 0.0588235, 0),
	(1482, 164, 0.0588235, 1),
	(1483, 164, 0.0588235, 0),
	(1484, 164, 0.117647, -1),
	(1485, 165, 0.117647, 0.666667),
	(1486, 165, 0.117647, 0.666667),
	(1487, 165, 0.117647, 0.333333),
	(1488, 165, 0.117647, 0.666667),
	(1489, 165, 0.117647, 1),
	(1490, 165, 0.117647, 0.666667),
	(1491, 165, 0.0588235, 0.333333),
	(1492, 165, 0.0588235, 0),
	(1493, 165, 0.0588235, 0.666667),
	(1494, 165, 0.117647, -0.333333),
	(1495, 166, 0.117647, 0),
	(1496, 166, 0.117647, 1),
	(1497, 166, 0.117647, 1),
	(1498, 166, 0.117647, 1),
	(1499, 166, 0.117647, 1),
	(1500, 166, 0.117647, 1),
	(1501, 166, 0.0588235, 1),
	(1502, 166, 0.0588235, 1),
	(1503, 166, 0.0588235, 1),
	(1504, 166, 0.117647, -1),
	(1505, 167, 0.117647, 0),
	(1506, 167, 0.117647, 1),
	(1507, 167, 0.117647, 1),
	(1508, 167, 0.117647, 0),
	(1509, 167, 0.117647, 0),
	(1510, 167, 0.117647, 1),
	(1511, 167, 0.0588235, 0),
	(1512, 167, 0.0588235, 1),
	(1513, 167, 0.0588235, 0),
	(1514, 167, 0.117647, -1),
	(1515, 168, 0.117647, 0.666667),
	(1516, 168, 0.117647, 0.666667),
	(1517, 168, 0.117647, 0.333333),
	(1518, 168, 0.117647, 0.666667),
	(1519, 168, 0.117647, 1),
	(1520, 168, 0.117647, 0.666667),
	(1521, 168, 0.0588235, 0.333333),
	(1522, 168, 0.0588235, 0),
	(1523, 168, 0.0588235, 0.666667),
	(1524, 168, 0.117647, -0.333333),
	(1525, 169, 0.0769231, 0),
	(1526, 169, 0.153846, 1),
	(1527, 169, 0.0769231, 1),
	(1528, 169, 0.153846, 1),
	(1529, 169, 0.0769231, 1),
	(1530, 169, 0.0769231, 1),
	(1531, 169, 0.0769231, 1),
	(1532, 169, 0.153846, 1),
	(1533, 169, 0.153846, 1),
	(1534, 169, 0, -1),
	(1535, 170, 0.0769231, 0),
	(1536, 170, 0.153846, 1),
	(1537, 170, 0.0769231, 1),
	(1538, 170, 0.153846, 0),
	(1539, 170, 0.0769231, 0),
	(1540, 170, 0.0769231, 1),
	(1541, 170, 0.0769231, 0),
	(1542, 170, 0.153846, 1),
	(1543, 170, 0.153846, 0),
	(1544, 170, 0, -1),
	(1545, 171, 0.0769231, 0.666667),
	(1546, 171, 0.153846, 0.666667),
	(1547, 171, 0.0769231, 0.333333),
	(1548, 171, 0.153846, 0.666667),
	(1549, 171, 0.0769231, 1),
	(1550, 171, 0.0769231, 0.666667),
	(1551, 171, 0.0769231, 0.333333),
	(1552, 171, 0.153846, 0),
	(1553, 171, 0.153846, 0.666667),
	(1554, 171, 0, -0.333333),
	(1555, 172, 0.133333, 0),
	(1556, 172, 0.0666667, 1),
	(1557, 172, 0.133333, 1),
	(1558, 172, 0.133333, 1),
	(1559, 172, 0.133333, 1),
	(1560, 172, 0.0666667, 1),
	(1561, 172, 0.0666667, 1),
	(1562, 172, 0.0666667, 1),
	(1563, 172, 0.0666667, 1),
	(1564, 172, 0.133333, -1),
	(1565, 173, 0.133333, 0),
	(1566, 173, 0.0666667, 1),
	(1567, 173, 0.133333, 1),
	(1568, 173, 0.133333, 0),
	(1569, 173, 0.133333, 0),
	(1570, 173, 0.0666667, 1),
	(1571, 173, 0.0666667, 0),
	(1572, 173, 0.0666667, 1),
	(1573, 173, 0.0666667, 0),
	(1574, 173, 0.133333, -1),
	(1575, 174, 0.133333, 0.666667),
	(1576, 174, 0.0666667, 0.666667),
	(1577, 174, 0.133333, 0.333333),
	(1578, 174, 0.133333, 0.666667),
	(1579, 174, 0.133333, 1),
	(1580, 174, 0.0666667, 0.666667),
	(1581, 174, 0.0666667, 0.333333),
	(1582, 174, 0.0666667, 0),
	(1583, 174, 0.0666667, 0.666667),
	(1584, 174, 0.133333, -0.333333),
	(1585, 175, 0.117647, 0),
	(1586, 175, 0.117647, 1),
	(1587, 175, 0.0588235, 1),
	(1588, 175, 0.117647, 1),
	(1589, 175, 0.0588235, 1),
	(1590, 175, 0.117647, 1),
	(1591, 175, 0.0588235, 1),
	(1592, 175, 0.117647, 1),
	(1593, 175, 0.117647, 1),
	(1594, 175, 0.117647, -1),
	(1595, 176, 0.117647, 0),
	(1596, 176, 0.117647, 1),
	(1597, 176, 0.0588235, 1),
	(1598, 176, 0.117647, 0),
	(1599, 176, 0.0588235, 0),
	(1600, 176, 0.117647, 1),
	(1601, 176, 0.0588235, 0),
	(1602, 176, 0.117647, 1),
	(1603, 176, 0.117647, 0),
	(1604, 176, 0.117647, -1),
	(1605, 177, 0.117647, 0.666667),
	(1606, 177, 0.117647, 0.666667),
	(1607, 177, 0.0588235, 0.333333),
	(1608, 177, 0.117647, 0.666667),
	(1609, 177, 0.0588235, 1),
	(1610, 177, 0.117647, 0.666667),
	(1611, 177, 0.0588235, 0.333333),
	(1612, 177, 0.117647, 0),
	(1613, 177, 0.117647, 0.666667),
	(1614, 177, 0.117647, -0.333333),
	(1615, 178, 0.117647, 0.666667),
	(1616, 178, 0.117647, 0),
	(1617, 178, 0.0588235, 0),
	(1618, 178, 0.117647, 0),
	(1619, 178, 0.0588235, 0.666667),
	(1620, 178, 0.117647, 1),
	(1621, 178, 0.0588235, 0),
	(1622, 178, 0.117647, 0),
	(1623, 178, 0.117647, 0.666667),
	(1624, 178, 0.117647, -0.333333),
	(1625, 179, 0.117647, 0.333333),
	(1626, 179, 0.117647, 0),
	(1627, 179, 0.0588235, 0),
	(1628, 179, 0.117647, 0),
	(1629, 179, 0.0588235, 0.666667),
	(1630, 179, 0.117647, 1),
	(1631, 179, 0.0588235, 0),
	(1632, 179, 0.117647, 0),
	(1633, 179, 0.117647, 0.666667),
	(1634, 179, 0.117647, -0.333333),
	(1635, 180, 0.117647, 1),
	(1636, 180, 0.117647, 0.333333),
	(1637, 180, 0.0588235, 0),
	(1638, 180, 0.117647, 1),
	(1639, 180, 0.0588235, 0.333333),
	(1640, 180, 0.117647, 0),
	(1641, 180, 0.0588235, 0),
	(1642, 180, 0.117647, 1),
	(1643, 180, 0.117647, 0),
	(1644, 180, 0.117647, -0.333333),
	(1645, 181, 0.117647, 0.333333),
	(1646, 181, 0.117647, 0),
	(1647, 181, 0.0588235, 0),
	(1648, 181, 0.117647, 0),
	(1649, 181, 0.0588235, 0.666667),
	(1650, 181, 0.117647, 1),
	(1651, 181, 0.0588235, 0),
	(1652, 181, 0.117647, 0),
	(1653, 181, 0.117647, 0.666667),
	(1654, 181, 0.117647, -0.333333),
	(1655, 182, 0.117647, 0.333333),
	(1656, 182, 0.117647, 0),
	(1657, 182, 0.0588235, 0),
	(1658, 182, 0.117647, 0),
	(1659, 182, 0.0588235, 0.666667),
	(1660, 182, 0.117647, 1),
	(1661, 182, 0.0588235, 0),
	(1662, 182, 0.117647, 0),
	(1663, 182, 0.117647, 0.666667),
	(1664, 182, 0.117647, -0.333333),
	(1665, 183, 0.117647, 0.333333),
	(1666, 183, 0.117647, 0),
	(1667, 183, 0.0588235, 0),
	(1668, 183, 0.117647, 0),
	(1669, 183, 0.0588235, 0.666667),
	(1670, 183, 0.117647, 1),
	(1671, 183, 0.0588235, 0),
	(1672, 183, 0.117647, 0),
	(1673, 183, 0.117647, 0.666667),
	(1674, 183, 0.117647, -0.333333),
	(1675, 184, 0.117647, 0.333333),
	(1676, 184, 0.117647, 0),
	(1677, 184, 0.0588235, 0),
	(1678, 184, 0.117647, 0),
	(1679, 184, 0.0588235, 0.666667),
	(1680, 184, 0.117647, 1),
	(1681, 184, 0.0588235, 0),
	(1682, 184, 0.117647, 0),
	(1683, 184, 0.117647, 1),
	(1684, 184, 0.117647, -0.333333),
	(1685, 185, 0.117647, 0),
	(1686, 185, 0.117647, 0),
	(1687, 185, 0.0588235, 0),
	(1688, 185, 0.117647, 1),
	(1689, 185, 0.0588235, 0.666667),
	(1690, 185, 0.117647, 1),
	(1691, 185, 0.0588235, 0),
	(1692, 185, 0.117647, 0),
	(1693, 185, 0.117647, 0.666667),
	(1694, 185, 0.117647, -0.333333),
	(1695, 186, 0.117647, 0.333333),
	(1696, 186, 0.117647, 0),
	(1697, 186, 0.0588235, 0),
	(1698, 186, 0.117647, 0),
	(1699, 186, 0.0588235, 0.666667),
	(1700, 186, 0.117647, 1),
	(1701, 186, 0.0588235, 0),
	(1702, 186, 0.117647, 0),
	(1703, 186, 0.117647, 1),
	(1704, 186, 0.117647, -0.333333),
	(1705, 187, 0.117647, 0.333333),
	(1706, 187, 0.117647, 0),
	(1707, 187, 0.0588235, 0),
	(1708, 187, 0.117647, 0),
	(1709, 187, 0.0588235, 0.666667),
	(1710, 187, 0.117647, 1),
	(1711, 187, 0.0588235, 0),
	(1712, 187, 0.117647, 0),
	(1713, 187, 0.117647, 1),
	(1714, 187, 0.117647, -0.333333),
	(1715, 188, 0.117647, 0.666667),
	(1716, 188, 0.117647, 0),
	(1717, 188, 0.0588235, 0),
	(1718, 188, 0.117647, 0),
	(1719, 188, 0.0588235, 0.666667),
	(1720, 188, 0.117647, 1),
	(1721, 188, 0.0588235, 0.666667),
	(1722, 188, 0.117647, 0),
	(1723, 188, 0.117647, 1),
	(1724, 188, 0.117647, -0.333333),
	(1725, 189, 0.133333, 0.666667),
	(1726, 189, 0.133333, 0),
	(1727, 189, 0.0666667, 0),
	(1728, 189, 0.133333, 0),
	(1729, 189, 0.0666667, 0.666667),
	(1730, 189, 0.133333, 1),
	(1731, 189, 0.0666667, 0),
	(1732, 189, 0.0666667, 0),
	(1733, 189, 0.133333, 0.666667),
	(1734, 189, 0.0666667, -0.333333),
	(1735, 190, 0.133333, 0.333333),
	(1736, 190, 0.133333, 0),
	(1737, 190, 0.0666667, 0),
	(1738, 190, 0.133333, 0),
	(1739, 190, 0.0666667, 0.666667),
	(1740, 190, 0.133333, 1),
	(1741, 190, 0.0666667, 0),
	(1742, 190, 0.0666667, 0),
	(1743, 190, 0.133333, 0.666667),
	(1744, 190, 0.0666667, -0.333333),
	(1745, 191, 0.133333, 1),
	(1746, 191, 0.133333, 0.333333),
	(1747, 191, 0.0666667, 0),
	(1748, 191, 0.133333, 1),
	(1749, 191, 0.0666667, 0.333333),
	(1750, 191, 0.133333, 0),
	(1751, 191, 0.0666667, 0),
	(1752, 191, 0.0666667, 1),
	(1753, 191, 0.133333, 0),
	(1754, 191, 0.0666667, -0.333333),
	(1755, 192, 0.133333, 0.333333),
	(1756, 192, 0.133333, 0),
	(1757, 192, 0.0666667, 0),
	(1758, 192, 0.133333, 0),
	(1759, 192, 0.0666667, 0.666667),
	(1760, 192, 0.133333, 1),
	(1761, 192, 0.0666667, 0),
	(1762, 192, 0.0666667, 0),
	(1763, 192, 0.133333, 0.666667),
	(1764, 192, 0.0666667, -0.333333),
	(1765, 193, 0.133333, 0.333333),
	(1766, 193, 0.133333, 0),
	(1767, 193, 0.0666667, 0),
	(1768, 193, 0.133333, 0),
	(1769, 193, 0.0666667, 0.666667),
	(1770, 193, 0.133333, 1),
	(1771, 193, 0.0666667, 0),
	(1772, 193, 0.0666667, 0),
	(1773, 193, 0.133333, 0.666667),
	(1774, 193, 0.0666667, -0.333333),
	(1775, 194, 0.133333, 0.333333),
	(1776, 194, 0.133333, 0),
	(1777, 194, 0.0666667, 0),
	(1778, 194, 0.133333, 0),
	(1779, 194, 0.0666667, 0.666667),
	(1780, 194, 0.133333, 1),
	(1781, 194, 0.0666667, 0),
	(1782, 194, 0.0666667, 0),
	(1783, 194, 0.133333, 0.666667),
	(1784, 194, 0.0666667, -0.333333),
	(1785, 195, 0.133333, 0.333333),
	(1786, 195, 0.133333, 0),
	(1787, 195, 0.0666667, 0),
	(1788, 195, 0.133333, 0),
	(1789, 195, 0.0666667, 0.666667),
	(1790, 195, 0.133333, 1),
	(1791, 195, 0.0666667, 0),
	(1792, 195, 0.0666667, 0),
	(1793, 195, 0.133333, 1),
	(1794, 195, 0.0666667, -0.333333),
	(1795, 196, 0.133333, 0),
	(1796, 196, 0.133333, 0),
	(1797, 196, 0.0666667, 0),
	(1798, 196, 0.133333, 1),
	(1799, 196, 0.0666667, 0.666667),
	(1800, 196, 0.133333, 1),
	(1801, 196, 0.0666667, 0),
	(1802, 196, 0.0666667, 0),
	(1803, 196, 0.133333, 0.666667),
	(1804, 196, 0.0666667, -0.333333),
	(1805, 197, 0.133333, 0.333333),
	(1806, 197, 0.133333, 0),
	(1807, 197, 0.0666667, 0),
	(1808, 197, 0.133333, 0),
	(1809, 197, 0.0666667, 0.666667),
	(1810, 197, 0.133333, 1),
	(1811, 197, 0.0666667, 0),
	(1812, 197, 0.0666667, 0),
	(1813, 197, 0.133333, 1),
	(1814, 197, 0.0666667, -0.333333),
	(1815, 198, 0.133333, 0.333333),
	(1816, 198, 0.133333, 0),
	(1817, 198, 0.0666667, 0),
	(1818, 198, 0.133333, 0),
	(1819, 198, 0.0666667, 0.666667),
	(1820, 198, 0.133333, 1),
	(1821, 198, 0.0666667, 0),
	(1822, 198, 0.0666667, 0),
	(1823, 198, 0.133333, 1),
	(1824, 198, 0.0666667, -0.333333),
	(1825, 199, 0.133333, 0.666667),
	(1826, 199, 0.133333, 0),
	(1827, 199, 0.0666667, 0),
	(1828, 199, 0.133333, 0),
	(1829, 199, 0.0666667, 0.666667),
	(1830, 199, 0.133333, 1),
	(1831, 199, 0.0666667, 0.666667),
	(1832, 199, 0.0666667, 0),
	(1833, 199, 0.133333, 1),
	(1834, 199, 0.0666667, -0.333333),
	(1835, 200, 0.133333, 0.666667),
	(1836, 200, 0.0666667, 0),
	(1837, 200, 0.133333, 0),
	(1838, 200, 0.0666667, 0),
	(1839, 200, 0.133333, 0.666667),
	(1840, 200, 0.0666667, 1),
	(1841, 200, 0.133333, 0),
	(1842, 200, 0.133333, 0),
	(1843, 200, 0.133333, 0.666667),
	(1844, 201, 0.133333, 0.333333),
	(1845, 201, 0.0666667, 0),
	(1846, 201, 0.133333, 0),
	(1847, 201, 0.0666667, 0),
	(1848, 201, 0.133333, 0.666667),
	(1849, 201, 0.0666667, 1),
	(1850, 201, 0.133333, 0),
	(1851, 201, 0.133333, 0),
	(1852, 201, 0.133333, 0.666667),
	(1853, 202, 0.133333, 1),
	(1854, 202, 0.0666667, 0.333333),
	(1855, 202, 0.133333, 0),
	(1856, 202, 0.0666667, 1),
	(1857, 202, 0.133333, 0.333333),
	(1858, 202, 0.0666667, 0),
	(1859, 202, 0.133333, 0),
	(1860, 202, 0.133333, 1),
	(1861, 202, 0.133333, 0),
	(1862, 203, 0.133333, 0.333333),
	(1863, 203, 0.0666667, 0),
	(1864, 203, 0.133333, 0),
	(1865, 203, 0.0666667, 0),
	(1866, 203, 0.133333, 0.666667),
	(1867, 203, 0.0666667, 1),
	(1868, 203, 0.133333, 0),
	(1869, 203, 0.133333, 0),
	(1870, 203, 0.133333, 0.666667),
	(1871, 204, 0.133333, 0.333333),
	(1872, 204, 0.0666667, 0),
	(1873, 204, 0.133333, 0),
	(1874, 204, 0.0666667, 0),
	(1875, 204, 0.133333, 0.666667),
	(1876, 204, 0.0666667, 1),
	(1877, 204, 0.133333, 0),
	(1878, 204, 0.133333, 0),
	(1879, 204, 0.133333, 0.666667),
	(1880, 205, 0.133333, 0.333333),
	(1881, 205, 0.0666667, 0),
	(1882, 205, 0.133333, 0),
	(1883, 205, 0.0666667, 0),
	(1884, 205, 0.133333, 0.666667),
	(1885, 205, 0.0666667, 1),
	(1886, 205, 0.133333, 0),
	(1887, 205, 0.133333, 0),
	(1888, 205, 0.133333, 0.666667),
	(1889, 206, 0.133333, 0.333333),
	(1890, 206, 0.0666667, 0),
	(1891, 206, 0.133333, 0),
	(1892, 206, 0.0666667, 0),
	(1893, 206, 0.133333, 0.666667),
	(1894, 206, 0.0666667, 1),
	(1895, 206, 0.133333, 0),
	(1896, 206, 0.133333, 0),
	(1897, 206, 0.133333, 1),
	(1898, 207, 0.133333, 0),
	(1899, 207, 0.0666667, 0),
	(1900, 207, 0.133333, 0),
	(1901, 207, 0.0666667, 1),
	(1902, 207, 0.133333, 0.666667),
	(1903, 207, 0.0666667, 1),
	(1904, 207, 0.133333, 0),
	(1905, 207, 0.133333, 0),
	(1906, 207, 0.133333, 0.666667),
	(1907, 208, 0.133333, 0.333333),
	(1908, 208, 0.0666667, 0),
	(1909, 208, 0.133333, 0),
	(1910, 208, 0.0666667, 0),
	(1911, 208, 0.133333, 0.666667),
	(1912, 208, 0.0666667, 1),
	(1913, 208, 0.133333, 0),
	(1914, 208, 0.133333, 0),
	(1915, 208, 0.133333, 1),
	(1916, 209, 0.133333, 0.333333),
	(1917, 209, 0.0666667, 0),
	(1918, 209, 0.133333, 0),
	(1919, 209, 0.0666667, 0),
	(1920, 209, 0.133333, 0.666667),
	(1921, 209, 0.0666667, 1),
	(1922, 209, 0.133333, 0),
	(1923, 209, 0.133333, 0),
	(1924, 209, 0.133333, 1),
	(1925, 210, 0.133333, 0.666667),
	(1926, 210, 0.0666667, 0),
	(1927, 210, 0.133333, 0),
	(1928, 210, 0.0666667, 0),
	(1929, 210, 0.133333, 0.666667),
	(1930, 210, 0.0666667, 1),
	(1931, 210, 0.133333, 0.666667),
	(1932, 210, 0.133333, 0),
	(1933, 210, 0.133333, 1),
	(1934, 211, 0.0625, 0),
	(1935, 211, 0.125, 1),
	(1936, 211, 0.125, 1),
	(1937, 211, 0.0625, 1),
	(1938, 211, 0.125, 1),
	(1939, 211, 0.125, 1),
	(1940, 211, 0.125, 1),
	(1941, 211, 0.125, 1),
	(1942, 211, 0.125, 1),
	(1943, 212, 0.0625, 0),
	(1944, 212, 0.125, 1),
	(1945, 212, 0.125, 1),
	(1946, 212, 0.0625, 0),
	(1947, 212, 0.125, 0),
	(1948, 212, 0.125, 1),
	(1949, 212, 0.125, 0),
	(1950, 212, 0.125, 1),
	(1951, 212, 0.125, 0),
	(1952, 213, 0.0625, 0.666667),
	(1953, 213, 0.125, 0.666667),
	(1954, 213, 0.125, 0.333333),
	(1955, 213, 0.0625, 0.666667),
	(1956, 213, 0.125, 1),
	(1957, 213, 0.125, 0.666667),
	(1958, 213, 0.125, 0.333333),
	(1959, 213, 0.125, 0),
	(1960, 213, 0.125, 0.666667),
	(1961, 214, 0.153846, 0),
	(1962, 214, 0.0769231, 1),
	(1963, 214, 0.153846, 1),
	(1964, 214, 0.0769231, 1),
	(1965, 214, 0.0769231, 1),
	(1966, 214, 0.153846, 1),
	(1967, 214, 0.153846, 1),
	(1968, 214, 0.0769231, 1),
	(1969, 214, 0.0769231, 1),
	(1970, 215, 0.153846, 0),
	(1971, 215, 0.0769231, 1),
	(1972, 215, 0.153846, 1),
	(1973, 215, 0.0769231, 0),
	(1974, 215, 0.0769231, 0),
	(1975, 215, 0.153846, 1),
	(1976, 215, 0.153846, 0),
	(1977, 215, 0.0769231, 1),
	(1978, 215, 0.0769231, 0),
	(1979, 216, 0.153846, 0.666667),
	(1980, 216, 0.0769231, 0.666667),
	(1981, 216, 0.153846, 0.333333),
	(1982, 216, 0.0769231, 0.666667),
	(1983, 216, 0.0769231, 1),
	(1984, 216, 0.153846, 0.666667),
	(1985, 216, 0.153846, 0.333333),
	(1986, 216, 0.0769231, 0),
	(1987, 216, 0.0769231, 0.666667),
	(1988, 217, 0.133333, 0),
	(1989, 217, 0.133333, 1),
	(1990, 217, 0.0666667, 1),
	(1991, 217, 0.0666667, 1),
	(1992, 217, 0.133333, 1),
	(1993, 217, 0.0666667, 1),
	(1994, 217, 0.133333, 1),
	(1995, 217, 0.133333, 1),
	(1996, 217, 0.133333, 1),
	(1997, 218, 0.133333, 0),
	(1998, 218, 0.133333, 1),
	(1999, 218, 0.0666667, 1),
	(2000, 218, 0.0666667, 0),
	(2001, 218, 0.133333, 0),
	(2002, 218, 0.0666667, 1),
	(2003, 218, 0.133333, 0),
	(2004, 218, 0.133333, 1),
	(2005, 218, 0.133333, 0),
	(2006, 219, 0.133333, 0.666667),
	(2007, 219, 0.133333, 0.666667),
	(2008, 219, 0.0666667, 0.333333),
	(2009, 219, 0.0666667, 0.666667),
	(2010, 219, 0.133333, 1),
	(2011, 219, 0.0666667, 0.666667),
	(2012, 219, 0.133333, 0.333333),
	(2013, 219, 0.133333, 0),
	(2014, 219, 0.133333, 0.666667),
	(2015, 220, 0.133333, 0),
	(2016, 220, 0.133333, 1),
	(2017, 220, 0.0666667, 1),
	(2018, 220, 0.0666667, 1),
	(2019, 220, 0.133333, 1),
	(2020, 220, 0.0666667, 1),
	(2021, 220, 0.133333, 1),
	(2022, 220, 0.133333, 1),
	(2023, 220, 0.133333, 1),
	(2024, 221, 0.133333, 0),
	(2025, 221, 0.133333, 1),
	(2026, 221, 0.0666667, 1),
	(2027, 221, 0.0666667, 0),
	(2028, 221, 0.133333, 0),
	(2029, 221, 0.0666667, 1),
	(2030, 221, 0.133333, 0),
	(2031, 221, 0.133333, 1),
	(2032, 221, 0.133333, 0),
	(2033, 222, 0.133333, 0.666667),
	(2034, 222, 0.133333, 0.666667),
	(2035, 222, 0.0666667, 0.333333),
	(2036, 222, 0.0666667, 0.666667),
	(2037, 222, 0.133333, 1),
	(2038, 222, 0.0666667, 0.666667),
	(2039, 222, 0.133333, 0.333333),
	(2040, 222, 0.133333, 0),
	(2041, 222, 0.133333, 0.666667),
	(2042, 223, 0.133333, 0),
	(2043, 223, 0.133333, 1),
	(2044, 223, 0.0666667, 1),
	(2045, 223, 0.0666667, 1),
	(2046, 223, 0.133333, 1),
	(2047, 223, 0.0666667, 1),
	(2048, 223, 0.133333, 1),
	(2049, 223, 0.133333, 1),
	(2050, 223, 0.133333, 1),
	(2051, 224, 0.133333, 0),
	(2052, 224, 0.133333, 1),
	(2053, 224, 0.0666667, 1),
	(2054, 224, 0.0666667, 0),
	(2055, 224, 0.133333, 0),
	(2056, 224, 0.0666667, 1),
	(2057, 224, 0.133333, 0),
	(2058, 224, 0.133333, 1),
	(2059, 224, 0.133333, 0),
	(2060, 225, 0.133333, 0.666667),
	(2061, 225, 0.133333, 0.666667),
	(2062, 225, 0.0666667, 0.333333),
	(2063, 225, 0.0666667, 0.666667),
	(2064, 225, 0.133333, 1),
	(2065, 225, 0.0666667, 0.666667),
	(2066, 225, 0.133333, 0.333333),
	(2067, 225, 0.133333, 0),
	(2068, 225, 0.133333, 0.666667),
	(2069, 226, 0.133333, 0),
	(2070, 226, 0.133333, 1),
	(2071, 226, 0.0666667, 1),
	(2072, 226, 0.0666667, 1),
	(2073, 226, 0.133333, 1),
	(2074, 226, 0.0666667, 1),
	(2075, 226, 0.133333, 1),
	(2076, 226, 0.133333, 1),
	(2077, 226, 0.133333, 1),
	(2078, 227, 0.133333, 0),
	(2079, 227, 0.133333, 1),
	(2080, 227, 0.0666667, 1),
	(2081, 227, 0.0666667, 0),
	(2082, 227, 0.133333, 0),
	(2083, 227, 0.0666667, 1),
	(2084, 227, 0.133333, 0),
	(2085, 227, 0.133333, 1),
	(2086, 227, 0.133333, 0),
	(2087, 228, 0.133333, 0.666667),
	(2088, 228, 0.133333, 0.666667),
	(2089, 228, 0.0666667, 0.333333),
	(2090, 228, 0.0666667, 0.666667),
	(2091, 228, 0.133333, 1),
	(2092, 228, 0.0666667, 0.666667),
	(2093, 228, 0.133333, 0.333333),
	(2094, 228, 0.133333, 0),
	(2095, 228, 0.133333, 0.666667),
	(2096, 229, 0.133333, 0.666667),
	(2097, 229, 0.133333, 0),
	(2098, 229, 0.0666667, 0),
	(2099, 229, 0.0666667, 0),
	(2100, 229, 0.133333, 0.666667),
	(2101, 229, 0.0666667, 1),
	(2102, 229, 0.133333, 0),
	(2103, 229, 0.133333, 0),
	(2104, 229, 0.133333, 0.666667),
	(2105, 230, 0.133333, 0.333333),
	(2106, 230, 0.133333, 0),
	(2107, 230, 0.0666667, 0),
	(2108, 230, 0.0666667, 0),
	(2109, 230, 0.133333, 0.666667),
	(2110, 230, 0.0666667, 1),
	(2111, 230, 0.133333, 0),
	(2112, 230, 0.133333, 0),
	(2113, 230, 0.133333, 0.666667),
	(2114, 231, 0.133333, 1),
	(2115, 231, 0.133333, 0.333333),
	(2116, 231, 0.0666667, 0),
	(2117, 231, 0.0666667, 1),
	(2118, 231, 0.133333, 0.333333),
	(2119, 231, 0.0666667, 0),
	(2120, 231, 0.133333, 0),
	(2121, 231, 0.133333, 1),
	(2122, 231, 0.133333, 0),
	(2123, 232, 0.133333, 0.333333),
	(2124, 232, 0.133333, 0),
	(2125, 232, 0.0666667, 0),
	(2126, 232, 0.0666667, 0),
	(2127, 232, 0.133333, 0.666667),
	(2128, 232, 0.0666667, 1),
	(2129, 232, 0.133333, 0),
	(2130, 232, 0.133333, 0),
	(2131, 232, 0.133333, 0.666667),
	(2132, 233, 0.133333, 0.333333),
	(2133, 233, 0.133333, 0),
	(2134, 233, 0.0666667, 0),
	(2135, 233, 0.0666667, 0),
	(2136, 233, 0.133333, 0.666667),
	(2137, 233, 0.0666667, 1),
	(2138, 233, 0.133333, 0),
	(2139, 233, 0.133333, 0),
	(2140, 233, 0.133333, 0.666667),
	(2141, 234, 0.133333, 0.333333),
	(2142, 234, 0.133333, 0),
	(2143, 234, 0.0666667, 0),
	(2144, 234, 0.0666667, 0),
	(2145, 234, 0.133333, 0.666667),
	(2146, 234, 0.0666667, 1),
	(2147, 234, 0.133333, 0),
	(2148, 234, 0.133333, 0),
	(2149, 234, 0.133333, 0.666667),
	(2150, 235, 0.133333, 0.333333),
	(2151, 235, 0.133333, 0),
	(2152, 235, 0.0666667, 0),
	(2153, 235, 0.0666667, 0),
	(2154, 235, 0.133333, 0.666667),
	(2155, 235, 0.0666667, 1),
	(2156, 235, 0.133333, 0),
	(2157, 235, 0.133333, 0),
	(2158, 235, 0.133333, 1),
	(2159, 236, 0.133333, 0),
	(2160, 236, 0.133333, 0),
	(2161, 236, 0.0666667, 0),
	(2162, 236, 0.0666667, 1),
	(2163, 236, 0.133333, 0.666667),
	(2164, 236, 0.0666667, 1),
	(2165, 236, 0.133333, 0),
	(2166, 236, 0.133333, 0),
	(2167, 236, 0.133333, 0.666667),
	(2168, 237, 0.133333, 0.333333),
	(2169, 237, 0.133333, 0),
	(2170, 237, 0.0666667, 0),
	(2171, 237, 0.0666667, 0),
	(2172, 237, 0.133333, 0.666667),
	(2173, 237, 0.0666667, 1),
	(2174, 237, 0.133333, 0),
	(2175, 237, 0.133333, 0),
	(2176, 237, 0.133333, 1),
	(2177, 238, 0.133333, 0.333333),
	(2178, 238, 0.133333, 0),
	(2179, 238, 0.0666667, 0),
	(2180, 238, 0.0666667, 0),
	(2181, 238, 0.133333, 0.666667),
	(2182, 238, 0.0666667, 1),
	(2183, 238, 0.133333, 0),
	(2184, 238, 0.133333, 0),
	(2185, 238, 0.133333, 1),
	(2186, 239, 0.133333, 0.666667),
	(2187, 239, 0.133333, 0),
	(2188, 239, 0.0666667, 0),
	(2189, 239, 0.0666667, 0),
	(2190, 239, 0.133333, 0.666667),
	(2191, 239, 0.0666667, 1),
	(2192, 239, 0.133333, 0.666667),
	(2193, 239, 0.133333, 0),
	(2194, 239, 0.133333, 1),
	(2195, 240, 0.133333, 0),
	(2196, 240, 0.133333, 1),
	(2197, 240, 0.0666667, 1),
	(2198, 240, 0.0666667, 1),
	(2199, 240, 0.133333, 1),
	(2200, 240, 0.0666667, 1),
	(2201, 240, 0.133333, 1),
	(2202, 240, 0.133333, 1),
	(2203, 240, 0.133333, 1),
	(2204, 241, 0.133333, 0),
	(2205, 241, 0.133333, 1),
	(2206, 241, 0.0666667, 1),
	(2207, 241, 0.0666667, 0),
	(2208, 241, 0.133333, 0),
	(2209, 241, 0.0666667, 1),
	(2210, 241, 0.133333, 0),
	(2211, 241, 0.133333, 1),
	(2212, 241, 0.133333, 0),
	(2213, 242, 0.133333, 1),
	(2214, 242, 0.133333, 0.5),
	(2215, 242, 0.0666667, 1),
	(2216, 242, 0.0666667, 0),
	(2217, 242, 0.133333, 0),
	(2218, 242, 0.0666667, 0.5),
	(2219, 242, 0.133333, 0),
	(2220, 242, 0.133333, 0.5),
	(2221, 242, 0.133333, 1),
	(2222, 243, 0.133333, 0),
	(2223, 243, 0.133333, 1),
	(2224, 243, 0.0666667, 1),
	(2225, 243, 0.0666667, 1),
	(2226, 243, 0.133333, 1),
	(2227, 243, 0.0666667, 1),
	(2228, 243, 0.133333, 1),
	(2229, 243, 0.133333, 1),
	(2230, 243, 0.133333, 1),
	(2231, 244, 0.133333, 0),
	(2232, 244, 0.133333, 1),
	(2233, 244, 0.0666667, 1),
	(2234, 244, 0.0666667, 0),
	(2235, 244, 0.133333, 0),
	(2236, 244, 0.0666667, 1),
	(2237, 244, 0.133333, 0),
	(2238, 244, 0.133333, 1),
	(2239, 244, 0.133333, 0),
	(2240, 245, 0.133333, 1),
	(2241, 245, 0.133333, 0.5),
	(2242, 245, 0.0666667, 1),
	(2243, 245, 0.0666667, 0),
	(2244, 245, 0.133333, 0),
	(2245, 245, 0.0666667, 0.5),
	(2246, 245, 0.133333, 0),
	(2247, 245, 0.133333, 0.5),
	(2248, 245, 0.133333, 1),
	(2249, 246, 0.133333, 0),
	(2250, 246, 0.133333, 0),
	(2251, 246, 0.0666667, 0),
	(2252, 246, 0.0666667, 0),
	(2253, 246, 0.133333, 0),
	(2254, 246, 0.0666667, 0),
	(2255, 246, 0.133333, 0),
	(2256, 246, 0.133333, 0),
	(2257, 246, 0.133333, 0),
	(2258, 247, 0.133333, 1),
	(2259, 247, 0.133333, 1),
	(2260, 247, 0.0666667, 1),
	(2261, 247, 0.0666667, 1),
	(2262, 247, 0.133333, 1),
	(2263, 247, 0.0666667, 1),
	(2264, 247, 0.133333, 0),
	(2265, 247, 0.133333, 1),
	(2266, 247, 0.133333, 0),
	(2267, 248, 0.133333, 1),
	(2268, 248, 0.133333, 0.5),
	(2269, 248, 0.0666667, 0),
	(2270, 248, 0.0666667, 1),
	(2271, 248, 0.133333, 1),
	(2272, 248, 0.0666667, 0),
	(2273, 248, 0.133333, 1),
	(2274, 248, 0.133333, 0),
	(2275, 248, 0.133333, 1),
	(2276, 249, 0.133333, 0.5),
	(2277, 249, 0.133333, 0),
	(2278, 249, 0.0666667, 1),
	(2279, 249, 0.0666667, 0),
	(2280, 249, 0.133333, 0.5),
	(2281, 249, 0.0666667, 0),
	(2282, 249, 0.133333, 0),
	(2283, 249, 0.133333, 0),
	(2284, 249, 0.133333, 0),
	(2285, 250, 0.133333, 0),
	(2286, 250, 0.133333, 0.5),
	(2287, 250, 0.0666667, 0.5),
	(2288, 250, 0.0666667, 0),
	(2289, 250, 0.133333, 1),
	(2290, 250, 0.0666667, 0),
	(2291, 250, 0.133333, 0),
	(2292, 250, 0.133333, 0),
	(2293, 250, 0.133333, 0),
	(2294, 251, 0.133333, 0),
	(2295, 251, 0.133333, 0),
	(2296, 251, 0.0666667, 0),
	(2297, 251, 0.0666667, 0),
	(2298, 251, 0.133333, 0),
	(2299, 251, 0.0666667, 0),
	(2300, 251, 0.133333, 0),
	(2301, 251, 0.133333, 0),
	(2302, 251, 0.133333, 0),
	(2303, 252, 0.133333, 0),
	(2304, 252, 0.133333, 0),
	(2305, 252, 0.0666667, 0),
	(2306, 252, 0.0666667, 0),
	(2307, 252, 0.133333, 0),
	(2308, 252, 0.0666667, 0),
	(2309, 252, 0.133333, 0),
	(2310, 252, 0.133333, 0),
	(2311, 252, 0.133333, 0),
	(2312, 253, 0.133333, 1),
	(2313, 253, 0.133333, 0),
	(2314, 253, 0.0666667, 1),
	(2315, 253, 0.0666667, 0),
	(2316, 253, 0.133333, 1),
	(2317, 253, 0.0666667, 0),
	(2318, 253, 0.133333, 1),
	(2319, 253, 0.133333, 0),
	(2320, 253, 0.133333, 0),
	(2321, 254, 0.133333, 0.666667),
	(2322, 254, 0.133333, 0),
	(2323, 254, 0.0666667, 0),
	(2324, 254, 0.0666667, 0),
	(2325, 254, 0.133333, 0.666667),
	(2326, 254, 0.0666667, 1),
	(2327, 254, 0.133333, 0),
	(2328, 254, 0.133333, 0),
	(2329, 254, 0.133333, 0.666667),
	(2330, 255, 0.133333, 0.333333),
	(2331, 255, 0.133333, 0),
	(2332, 255, 0.0666667, 0),
	(2333, 255, 0.0666667, 0),
	(2334, 255, 0.133333, 0.666667),
	(2335, 255, 0.0666667, 1),
	(2336, 255, 0.133333, 0),
	(2337, 255, 0.133333, 0),
	(2338, 255, 0.133333, 0.666667),
	(2339, 256, 0.133333, 1),
	(2340, 256, 0.133333, 0.333333),
	(2341, 256, 0.0666667, 0),
	(2342, 256, 0.0666667, 1),
	(2343, 256, 0.133333, 0.333333),
	(2344, 256, 0.0666667, 0),
	(2345, 256, 0.133333, 0),
	(2346, 256, 0.133333, 1),
	(2347, 256, 0.133333, 0),
	(2348, 257, 0.133333, 0.333333),
	(2349, 257, 0.133333, 0),
	(2350, 257, 0.0666667, 0),
	(2351, 257, 0.0666667, 0),
	(2352, 257, 0.133333, 0.666667),
	(2353, 257, 0.0666667, 1),
	(2354, 257, 0.133333, 0),
	(2355, 257, 0.133333, 0),
	(2356, 257, 0.133333, 0.666667),
	(2357, 258, 0.133333, 0.333333),
	(2358, 258, 0.133333, 0),
	(2359, 258, 0.0666667, 0),
	(2360, 258, 0.0666667, 0),
	(2361, 258, 0.133333, 0.666667),
	(2362, 258, 0.0666667, 1),
	(2363, 258, 0.133333, 0),
	(2364, 258, 0.133333, 0),
	(2365, 258, 0.133333, 0.666667),
	(2366, 259, 0.133333, 0.333333),
	(2367, 259, 0.133333, 0),
	(2368, 259, 0.0666667, 0),
	(2369, 259, 0.0666667, 0),
	(2370, 259, 0.133333, 0.666667),
	(2371, 259, 0.0666667, 1),
	(2372, 259, 0.133333, 0),
	(2373, 259, 0.133333, 0),
	(2374, 259, 0.133333, 0.666667),
	(2375, 260, 0.133333, 0.333333),
	(2376, 260, 0.133333, 0),
	(2377, 260, 0.0666667, 0),
	(2378, 260, 0.0666667, 0),
	(2379, 260, 0.133333, 0.666667),
	(2380, 260, 0.0666667, 1),
	(2381, 260, 0.133333, 0),
	(2382, 260, 0.133333, 0),
	(2383, 260, 0.133333, 1),
	(2384, 261, 0.133333, 0),
	(2385, 261, 0.133333, 0),
	(2386, 261, 0.0666667, 0),
	(2387, 261, 0.0666667, 1),
	(2388, 261, 0.133333, 0.666667),
	(2389, 261, 0.0666667, 1),
	(2390, 261, 0.133333, 0),
	(2391, 261, 0.133333, 0),
	(2392, 261, 0.133333, 0.666667),
	(2393, 262, 0.133333, 0.333333),
	(2394, 262, 0.133333, 0),
	(2395, 262, 0.0666667, 0),
	(2396, 262, 0.0666667, 0),
	(2397, 262, 0.133333, 0.666667),
	(2398, 262, 0.0666667, 1),
	(2399, 262, 0.133333, 0),
	(2400, 262, 0.133333, 0),
	(2401, 262, 0.133333, 1),
	(2402, 263, 0.133333, 0.333333),
	(2403, 263, 0.133333, 0),
	(2404, 263, 0.0666667, 0),
	(2405, 263, 0.0666667, 0),
	(2406, 263, 0.133333, 0.666667),
	(2407, 263, 0.0666667, 1),
	(2408, 263, 0.133333, 0),
	(2409, 263, 0.133333, 0),
	(2410, 263, 0.133333, 1),
	(2411, 264, 0.133333, 0.666667),
	(2412, 264, 0.133333, 0),
	(2413, 264, 0.0666667, 0),
	(2414, 264, 0.0666667, 0),
	(2415, 264, 0.133333, 0.666667),
	(2416, 264, 0.0666667, 1),
	(2417, 264, 0.133333, 0.666667),
	(2418, 264, 0.133333, 0),
	(2419, 264, 0.133333, 1),
	(2420, 265, 0.133333, 0.666667),
	(2421, 265, 0.133333, 0),
	(2422, 265, 0.0666667, 0),
	(2423, 265, 0.0666667, 0),
	(2424, 265, 0.133333, 0.666667),
	(2425, 265, 0.0666667, 1),
	(2426, 265, 0.133333, 0),
	(2427, 265, 0.133333, 0),
	(2428, 265, 0.133333, 0.666667),
	(2429, 266, 0.133333, 0.333333),
	(2430, 266, 0.133333, 0),
	(2431, 266, 0.0666667, 0),
	(2432, 266, 0.0666667, 0),
	(2433, 266, 0.133333, 0.666667),
	(2434, 266, 0.0666667, 1),
	(2435, 266, 0.133333, 0),
	(2436, 266, 0.133333, 0),
	(2437, 266, 0.133333, 0.666667),
	(2438, 267, 0.133333, 1),
	(2439, 267, 0.133333, 0.333333),
	(2440, 267, 0.0666667, 0),
	(2441, 267, 0.0666667, 1),
	(2442, 267, 0.133333, 0.333333),
	(2443, 267, 0.0666667, 0),
	(2444, 267, 0.133333, 0),
	(2445, 267, 0.133333, 1),
	(2446, 267, 0.133333, 0),
	(2447, 268, 0.133333, 0.333333),
	(2448, 268, 0.133333, 0),
	(2449, 268, 0.0666667, 0),
	(2450, 268, 0.0666667, 0),
	(2451, 268, 0.133333, 0.666667),
	(2452, 268, 0.0666667, 1),
	(2453, 268, 0.133333, 0),
	(2454, 268, 0.133333, 0),
	(2455, 268, 0.133333, 0.666667),
	(2456, 269, 0.133333, 0.333333),
	(2457, 269, 0.133333, 0),
	(2458, 269, 0.0666667, 0),
	(2459, 269, 0.0666667, 0),
	(2460, 269, 0.133333, 0.666667),
	(2461, 269, 0.0666667, 1),
	(2462, 269, 0.133333, 0),
	(2463, 269, 0.133333, 0),
	(2464, 269, 0.133333, 0.666667),
	(2465, 270, 0.133333, 0.333333),
	(2466, 270, 0.133333, 0),
	(2467, 270, 0.0666667, 0),
	(2468, 270, 0.0666667, 0),
	(2469, 270, 0.133333, 0.666667),
	(2470, 270, 0.0666667, 1),
	(2471, 270, 0.133333, 0),
	(2472, 270, 0.133333, 0),
	(2473, 270, 0.133333, 0.666667),
	(2474, 271, 0.133333, 0.333333),
	(2475, 271, 0.133333, 0),
	(2476, 271, 0.0666667, 0),
	(2477, 271, 0.0666667, 0),
	(2478, 271, 0.133333, 0.666667),
	(2479, 271, 0.0666667, 1),
	(2480, 271, 0.133333, 0),
	(2481, 271, 0.133333, 0),
	(2482, 271, 0.133333, 1),
	(2483, 272, 0.133333, 0),
	(2484, 272, 0.133333, 0),
	(2485, 272, 0.0666667, 0),
	(2486, 272, 0.0666667, 1),
	(2487, 272, 0.133333, 0.666667),
	(2488, 272, 0.0666667, 1),
	(2489, 272, 0.133333, 0),
	(2490, 272, 0.133333, 0),
	(2491, 272, 0.133333, 0.666667),
	(2492, 273, 0.133333, 0.333333),
	(2493, 273, 0.133333, 0),
	(2494, 273, 0.0666667, 0),
	(2495, 273, 0.0666667, 0),
	(2496, 273, 0.133333, 0.666667),
	(2497, 273, 0.0666667, 1),
	(2498, 273, 0.133333, 0),
	(2499, 273, 0.133333, 0),
	(2500, 273, 0.133333, 1),
	(2501, 274, 0.133333, 0.333333),
	(2502, 274, 0.133333, 0),
	(2503, 274, 0.0666667, 0),
	(2504, 274, 0.0666667, 0),
	(2505, 274, 0.133333, 0.666667),
	(2506, 274, 0.0666667, 1),
	(2507, 274, 0.133333, 0),
	(2508, 274, 0.133333, 0),
	(2509, 274, 0.133333, 1),
	(2510, 275, 0.133333, 0.666667),
	(2511, 275, 0.133333, 0),
	(2512, 275, 0.0666667, 0),
	(2513, 275, 0.0666667, 0),
	(2514, 275, 0.133333, 0.666667),
	(2515, 275, 0.0666667, 1),
	(2516, 275, 0.133333, 0.666667),
	(2517, 275, 0.133333, 0),
	(2518, 275, 0.133333, 1),
	(2519, 276, 0.133333, 0),
	(2520, 276, 0.133333, 1),
	(2521, 276, 0.0666667, 1),
	(2522, 276, 0.0666667, 1),
	(2523, 276, 0.133333, 1),
	(2524, 276, 0.0666667, 1),
	(2525, 276, 0.133333, 1),
	(2526, 276, 0.133333, 1),
	(2527, 276, 0.133333, 1),
	(2528, 277, 0.133333, 0),
	(2529, 277, 0.133333, 1),
	(2530, 277, 0.0666667, 1),
	(2531, 277, 0.0666667, 0),
	(2532, 277, 0.133333, 0),
	(2533, 277, 0.0666667, 1),
	(2534, 277, 0.133333, 0),
	(2535, 277, 0.133333, 1),
	(2536, 277, 0.133333, 0),
	(2537, 278, 0.133333, 1),
	(2538, 278, 0.133333, 0.5),
	(2539, 278, 0.0666667, 1),
	(2540, 278, 0.0666667, 0),
	(2541, 278, 0.133333, 0),
	(2542, 278, 0.0666667, 0.5),
	(2543, 278, 0.133333, 0),
	(2544, 278, 0.133333, 0.5),
	(2545, 278, 0.133333, 1),
	(2546, 279, 0.133333, 0),
	(2547, 279, 0.133333, 0),
	(2548, 279, 0.0666667, 0),
	(2549, 279, 0.0666667, 0),
	(2550, 279, 0.133333, 0),
	(2551, 279, 0.0666667, 0),
	(2552, 279, 0.133333, 0),
	(2553, 279, 0.133333, 0),
	(2554, 279, 0.133333, 0),
	(2555, 280, 0.133333, 1),
	(2556, 280, 0.133333, 1),
	(2557, 280, 0.0666667, 1),
	(2558, 280, 0.0666667, 1),
	(2559, 280, 0.133333, 1),
	(2560, 280, 0.0666667, 1),
	(2561, 280, 0.133333, 0),
	(2562, 280, 0.133333, 1),
	(2563, 280, 0.133333, 0),
	(2564, 281, 0.133333, 1),
	(2565, 281, 0.133333, 0.5),
	(2566, 281, 0.0666667, 0),
	(2567, 281, 0.0666667, 1),
	(2568, 281, 0.133333, 1),
	(2569, 281, 0.0666667, 0),
	(2570, 281, 0.133333, 1),
	(2571, 281, 0.133333, 0),
	(2572, 281, 0.133333, 1),
	(2573, 282, 0.133333, 0.5),
	(2574, 282, 0.133333, 0),
	(2575, 282, 0.0666667, 1),
	(2576, 282, 0.0666667, 0),
	(2577, 282, 0.133333, 0.5),
	(2578, 282, 0.0666667, 0),
	(2579, 282, 0.133333, 0),
	(2580, 282, 0.133333, 0),
	(2581, 282, 0.133333, 0),
	(2582, 283, 0.133333, 0),
	(2583, 283, 0.133333, 0.5),
	(2584, 283, 0.0666667, 0.5),
	(2585, 283, 0.0666667, 0),
	(2586, 283, 0.133333, 1),
	(2587, 283, 0.0666667, 0),
	(2588, 283, 0.133333, 0),
	(2589, 283, 0.133333, 0),
	(2590, 283, 0.133333, 0),
	(2591, 284, 0.133333, 0),
	(2592, 284, 0.133333, 0),
	(2593, 284, 0.0666667, 0),
	(2594, 284, 0.0666667, 0),
	(2595, 284, 0.133333, 0),
	(2596, 284, 0.0666667, 0),
	(2597, 284, 0.133333, 0),
	(2598, 284, 0.133333, 0),
	(2599, 284, 0.133333, 0),
	(2600, 285, 0.133333, 0),
	(2601, 285, 0.133333, 0),
	(2602, 285, 0.0666667, 0),
	(2603, 285, 0.0666667, 0),
	(2604, 285, 0.133333, 0),
	(2605, 285, 0.0666667, 0),
	(2606, 285, 0.133333, 0),
	(2607, 285, 0.133333, 0),
	(2608, 285, 0.133333, 0),
	(2609, 286, 0.133333, 1),
	(2610, 286, 0.133333, 0),
	(2611, 286, 0.0666667, 1),
	(2612, 286, 0.0666667, 0),
	(2613, 286, 0.133333, 1),
	(2614, 286, 0.0666667, 0),
	(2615, 286, 0.133333, 1),
	(2616, 286, 0.133333, 0),
	(2617, 286, 0.133333, 0),
	(2618, 287, 0.153846, 0),
	(2619, 287, 0.0769231, 1),
	(2620, 287, 0.153846, 1),
	(2621, 287, 0.0769231, 1),
	(2622, 287, 0.0769231, 1),
	(2623, 287, 0.153846, 1),
	(2624, 287, 0.153846, 1),
	(2625, 287, 0.0769231, 1),
	(2626, 287, 0.0769231, 1),
	(2627, 288, 0.153846, 0),
	(2628, 288, 0.0769231, 1),
	(2629, 288, 0.153846, 1),
	(2630, 288, 0.0769231, 0),
	(2631, 288, 0.0769231, 0),
	(2632, 288, 0.153846, 1),
	(2633, 288, 0.153846, 0),
	(2634, 288, 0.0769231, 1),
	(2635, 288, 0.0769231, 0),
	(2636, 289, 0.153846, 1),
	(2637, 289, 0.0769231, 0.5),
	(2638, 289, 0.153846, 1),
	(2639, 289, 0.0769231, 0),
	(2640, 289, 0.0769231, 0),
	(2641, 289, 0.153846, 0.5),
	(2642, 289, 0.153846, 0),
	(2643, 289, 0.0769231, 0.5),
	(2644, 289, 0.0769231, 1),
	(2645, 290, 0.153846, 1),
	(2646, 290, 0.0769231, 1),
	(2647, 290, 0.153846, 1),
	(2648, 290, 0.0769231, 0),
	(2649, 290, 0.0769231, 0),
	(2650, 290, 0.153846, 1),
	(2651, 290, 0.153846, 0),
	(2652, 290, 0.0769231, 0),
	(2653, 290, 0.0769231, 0),
	(2654, 291, 0.153846, 0),
	(2655, 291, 0.0769231, 0),
	(2656, 291, 0.153846, 0),
	(2657, 291, 0.0769231, 0),
	(2658, 291, 0.0769231, 0),
	(2659, 291, 0.153846, 0),
	(2660, 291, 0.153846, 0),
	(2661, 291, 0.0769231, 0),
	(2662, 291, 0.0769231, 0),
	(2663, 292, 0.153846, 1),
	(2664, 292, 0.0769231, 1),
	(2665, 292, 0.153846, 1),
	(2666, 292, 0.0769231, 1),
	(2667, 292, 0.0769231, 1),
	(2668, 292, 0.153846, 1),
	(2669, 292, 0.153846, 0),
	(2670, 292, 0.0769231, 1),
	(2671, 292, 0.0769231, 0),
	(2672, 293, 0.153846, 1),
	(2673, 293, 0.0769231, 0.5),
	(2674, 293, 0.153846, 0),
	(2675, 293, 0.0769231, 1),
	(2676, 293, 0.0769231, 1),
	(2677, 293, 0.153846, 0),
	(2678, 293, 0.153846, 1),
	(2679, 293, 0.0769231, 0),
	(2680, 293, 0.0769231, 1),
	(2681, 294, 0.153846, 0.5),
	(2682, 294, 0.0769231, 0),
	(2683, 294, 0.153846, 1),
	(2684, 294, 0.0769231, 0),
	(2685, 294, 0.0769231, 0.5),
	(2686, 294, 0.153846, 0),
	(2687, 294, 0.153846, 0),
	(2688, 294, 0.0769231, 0),
	(2689, 294, 0.0769231, 0),
	(2690, 295, 0.153846, 0),
	(2691, 295, 0.0769231, 0.5),
	(2692, 295, 0.153846, 0.5),
	(2693, 295, 0.0769231, 0),
	(2694, 295, 0.0769231, 1),
	(2695, 295, 0.153846, 0),
	(2696, 295, 0.153846, 0),
	(2697, 295, 0.0769231, 0),
	(2698, 295, 0.0769231, 0),
	(2699, 296, 0.153846, 0),
	(2700, 296, 0.0769231, 0),
	(2701, 296, 0.153846, 0),
	(2702, 296, 0.0769231, 0),
	(2703, 296, 0.0769231, 0),
	(2704, 296, 0.153846, 0),
	(2705, 296, 0.153846, 0),
	(2706, 296, 0.0769231, 0),
	(2707, 296, 0.0769231, 0),
	(2708, 297, 0.153846, 0),
	(2709, 297, 0.0769231, 0),
	(2710, 297, 0.153846, 0),
	(2711, 297, 0.0769231, 0),
	(2712, 297, 0.0769231, 0),
	(2713, 297, 0.153846, 0),
	(2714, 297, 0.153846, 0),
	(2715, 297, 0.0769231, 0),
	(2716, 297, 0.0769231, 0),
	(2717, 298, 0.153846, 1),
	(2718, 298, 0.0769231, 0),
	(2719, 298, 0.153846, 1),
	(2720, 298, 0.0769231, 0),
	(2721, 298, 0.0769231, 1),
	(2722, 298, 0.153846, 0),
	(2723, 298, 0.153846, 1),
	(2724, 298, 0.0769231, 0),
	(2725, 298, 0.0769231, 0),
	(2726, 299, 0.0909091, 0),
	(2727, 299, 0.0909091, 1),
	(2728, 299, 0.181818, 1),
	(2729, 299, 0.0909091, 1),
	(2730, 299, 0.0909091, 1),
	(2731, 299, 0.0909091, 1),
	(2732, 299, 0.0909091, 1),
	(2733, 299, 0.0909091, 1),
	(2734, 299, 0.181818, 1),
	(2735, 300, 0.0909091, 0),
	(2736, 300, 0.0909091, 1),
	(2737, 300, 0.181818, 1),
	(2738, 300, 0.0909091, 0),
	(2739, 300, 0.0909091, 0),
	(2740, 300, 0.0909091, 1),
	(2741, 300, 0.0909091, 0),
	(2742, 300, 0.0909091, 1),
	(2743, 300, 0.181818, 0),
	(2744, 301, 0.0909091, 1),
	(2745, 301, 0.0909091, 0.5),
	(2746, 301, 0.181818, 1),
	(2747, 301, 0.0909091, 0),
	(2748, 301, 0.0909091, 0),
	(2749, 301, 0.0909091, 0.5),
	(2750, 301, 0.0909091, 0),
	(2751, 301, 0.0909091, 0.5),
	(2752, 301, 0.181818, 1),
	(2753, 302, 0.0909091, 1),
	(2754, 302, 0.0909091, 1),
	(2755, 302, 0.181818, 1),
	(2756, 302, 0.0909091, 0),
	(2757, 302, 0.0909091, 0),
	(2758, 302, 0.0909091, 1),
	(2759, 302, 0.0909091, 0),
	(2760, 302, 0.0909091, 0),
	(2761, 302, 0.181818, 0),
	(2762, 303, 0.0909091, 0),
	(2763, 303, 0.0909091, 0),
	(2764, 303, 0.181818, 0),
	(2765, 303, 0.0909091, 0),
	(2766, 303, 0.0909091, 0),
	(2767, 303, 0.0909091, 0),
	(2768, 303, 0.0909091, 0),
	(2769, 303, 0.0909091, 0),
	(2770, 303, 0.181818, 0),
	(2771, 304, 0.0909091, 1),
	(2772, 304, 0.0909091, 1),
	(2773, 304, 0.181818, 1),
	(2774, 304, 0.0909091, 1),
	(2775, 304, 0.0909091, 1),
	(2776, 304, 0.0909091, 1),
	(2777, 304, 0.0909091, 0),
	(2778, 304, 0.0909091, 1),
	(2779, 304, 0.181818, 0),
	(2780, 305, 0.0909091, 1),
	(2781, 305, 0.0909091, 0.5),
	(2782, 305, 0.181818, 0),
	(2783, 305, 0.0909091, 1),
	(2784, 305, 0.0909091, 1),
	(2785, 305, 0.0909091, 0),
	(2786, 305, 0.0909091, 1),
	(2787, 305, 0.0909091, 0),
	(2788, 305, 0.181818, 1),
	(2789, 306, 0.0909091, 0.5),
	(2790, 306, 0.0909091, 0),
	(2791, 306, 0.181818, 1),
	(2792, 306, 0.0909091, 0),
	(2793, 306, 0.0909091, 0.5),
	(2794, 306, 0.0909091, 0),
	(2795, 306, 0.0909091, 0),
	(2796, 306, 0.0909091, 0),
	(2797, 306, 0.181818, 0),
	(2798, 307, 0.0909091, 0),
	(2799, 307, 0.0909091, 0.5),
	(2800, 307, 0.181818, 0.5),
	(2801, 307, 0.0909091, 0),
	(2802, 307, 0.0909091, 1),
	(2803, 307, 0.0909091, 0),
	(2804, 307, 0.0909091, 0),
	(2805, 307, 0.0909091, 0),
	(2806, 307, 0.181818, 0),
	(2807, 308, 0.0909091, 0),
	(2808, 308, 0.0909091, 0),
	(2809, 308, 0.181818, 0),
	(2810, 308, 0.0909091, 0),
	(2811, 308, 0.0909091, 0),
	(2812, 308, 0.0909091, 0),
	(2813, 308, 0.0909091, 0),
	(2814, 308, 0.0909091, 0),
	(2815, 308, 0.181818, 0),
	(2816, 309, 0.0909091, 0),
	(2817, 309, 0.0909091, 0),
	(2818, 309, 0.181818, 0),
	(2819, 309, 0.0909091, 0),
	(2820, 309, 0.0909091, 0),
	(2821, 309, 0.0909091, 0),
	(2822, 309, 0.0909091, 0),
	(2823, 309, 0.0909091, 0),
	(2824, 309, 0.181818, 0),
	(2825, 310, 0.0909091, 1),
	(2826, 310, 0.0909091, 0),
	(2827, 310, 0.181818, 1),
	(2828, 310, 0.0909091, 0),
	(2829, 310, 0.0909091, 1),
	(2830, 310, 0.0909091, 0),
	(2831, 310, 0.0909091, 1),
	(2832, 310, 0.0909091, 0),
	(2833, 310, 0.181818, 0),
	(2834, 311, 0.1, 0),
	(2835, 311, 0.1, 1),
	(2836, 311, 0.1, 1),
	(2837, 311, 0.1, 1),
	(2838, 311, 0.1, 1),
	(2839, 311, 0.1, 1),
	(2840, 311, 0.1, 1),
	(2841, 311, 0.1, 1),
	(2842, 311, 0.2, 1),
	(2843, 312, 0.1, 0),
	(2844, 312, 0.1, 1),
	(2845, 312, 0.1, 1),
	(2846, 312, 0.1, 0),
	(2847, 312, 0.1, 0),
	(2848, 312, 0.1, 1),
	(2849, 312, 0.1, 0),
	(2850, 312, 0.1, 1),
	(2851, 312, 0.2, 0),
	(2852, 313, 0.1, 1),
	(2853, 313, 0.1, 0.5),
	(2854, 313, 0.1, 1),
	(2855, 313, 0.1, 0),
	(2856, 313, 0.1, 0),
	(2857, 313, 0.1, 0.5),
	(2858, 313, 0.1, 0),
	(2859, 313, 0.1, 0.5),
	(2860, 313, 0.2, 1),
	(2861, 314, 0.1, 1),
	(2862, 314, 0.1, 1),
	(2863, 314, 0.1, 1),
	(2864, 314, 0.1, 0),
	(2865, 314, 0.1, 0),
	(2866, 314, 0.1, 1),
	(2867, 314, 0.1, 0),
	(2868, 314, 0.1, 0),
	(2869, 314, 0.2, 0),
	(2870, 315, 0.1, 0),
	(2871, 315, 0.1, 0),
	(2872, 315, 0.1, 0),
	(2873, 315, 0.1, 0),
	(2874, 315, 0.1, 0),
	(2875, 315, 0.1, 0),
	(2876, 315, 0.1, 0),
	(2877, 315, 0.1, 0),
	(2878, 315, 0.2, 0),
	(2879, 316, 0.1, 1),
	(2880, 316, 0.1, 1),
	(2881, 316, 0.1, 1),
	(2882, 316, 0.1, 1),
	(2883, 316, 0.1, 1),
	(2884, 316, 0.1, 1),
	(2885, 316, 0.1, 0),
	(2886, 316, 0.1, 1),
	(2887, 316, 0.2, 0),
	(2888, 317, 0.1, 1),
	(2889, 317, 0.1, 0.5),
	(2890, 317, 0.1, 0),
	(2891, 317, 0.1, 1),
	(2892, 317, 0.1, 1),
	(2893, 317, 0.1, 0),
	(2894, 317, 0.1, 1),
	(2895, 317, 0.1, 0),
	(2896, 317, 0.2, 1),
	(2897, 318, 0.1, 0.5),
	(2898, 318, 0.1, 0),
	(2899, 318, 0.1, 1),
	(2900, 318, 0.1, 0),
	(2901, 318, 0.1, 0.5),
	(2902, 318, 0.1, 0),
	(2903, 318, 0.1, 0),
	(2904, 318, 0.1, 0),
	(2905, 318, 0.2, 0),
	(2906, 319, 0.1, 0),
	(2907, 319, 0.1, 0.5),
	(2908, 319, 0.1, 0.5),
	(2909, 319, 0.1, 0),
	(2910, 319, 0.1, 1),
	(2911, 319, 0.1, 0),
	(2912, 319, 0.1, 0),
	(2913, 319, 0.1, 0),
	(2914, 319, 0.2, 0),
	(2915, 320, 0.1, 0),
	(2916, 320, 0.1, 0),
	(2917, 320, 0.1, 0),
	(2918, 320, 0.1, 0),
	(2919, 320, 0.1, 0),
	(2920, 320, 0.1, 0),
	(2921, 320, 0.1, 0),
	(2922, 320, 0.1, 0),
	(2923, 320, 0.2, 0),
	(2924, 321, 0.1, 0),
	(2925, 321, 0.1, 0),
	(2926, 321, 0.1, 0),
	(2927, 321, 0.1, 0),
	(2928, 321, 0.1, 0),
	(2929, 321, 0.1, 0),
	(2930, 321, 0.1, 0),
	(2931, 321, 0.1, 0),
	(2932, 321, 0.2, 0),
	(2933, 322, 0.1, 1),
	(2934, 322, 0.1, 0),
	(2935, 322, 0.1, 1),
	(2936, 322, 0.1, 0),
	(2937, 322, 0.1, 1),
	(2938, 322, 0.1, 0),
	(2939, 322, 0.1, 1),
	(2940, 322, 0.1, 0),
	(2941, 322, 0.2, 0),
	(2942, 323, 0.125, 0),
	(2943, 323, 0.125, 1),
	(2944, 323, 0.0625, 1),
	(2945, 323, 0.125, 1),
	(2946, 323, 0.125, 1),
	(2947, 323, 0.125, 1),
	(2948, 323, 0.125, 1),
	(2949, 323, 0.125, 1),
	(2950, 323, 0.0625, 1),
	(2951, 324, 0.125, 0),
	(2952, 324, 0.125, 1),
	(2953, 324, 0.0625, 1),
	(2954, 324, 0.125, 0),
	(2955, 324, 0.125, 0),
	(2956, 324, 0.125, 1),
	(2957, 324, 0.125, 0),
	(2958, 324, 0.125, 1),
	(2959, 324, 0.0625, 0),
	(2960, 325, 0.125, 1),
	(2961, 325, 0.125, 0.5),
	(2962, 325, 0.0625, 1),
	(2963, 325, 0.125, 0),
	(2964, 325, 0.125, 0),
	(2965, 325, 0.125, 0.5),
	(2966, 325, 0.125, 0),
	(2967, 325, 0.125, 0.5),
	(2968, 325, 0.0625, 1),
	(2969, 326, 0.125, 1),
	(2970, 326, 0.125, 1),
	(2971, 326, 0.0625, 1),
	(2972, 326, 0.125, 0),
	(2973, 326, 0.125, 0),
	(2974, 326, 0.125, 1),
	(2975, 326, 0.125, 0),
	(2976, 326, 0.125, 0),
	(2977, 326, 0.0625, 0),
	(2978, 327, 0.125, 0),
	(2979, 327, 0.125, 0),
	(2980, 327, 0.0625, 0),
	(2981, 327, 0.125, 0),
	(2982, 327, 0.125, 0),
	(2983, 327, 0.125, 0),
	(2984, 327, 0.125, 0),
	(2985, 327, 0.125, 0),
	(2986, 327, 0.0625, 0),
	(2987, 328, 0.125, 1),
	(2988, 328, 0.125, 1),
	(2989, 328, 0.0625, 1),
	(2990, 328, 0.125, 1),
	(2991, 328, 0.125, 1),
	(2992, 328, 0.125, 1),
	(2993, 328, 0.125, 0),
	(2994, 328, 0.125, 1),
	(2995, 328, 0.0625, 0),
	(2996, 329, 0.125, 1),
	(2997, 329, 0.125, 0.5),
	(2998, 329, 0.0625, 0),
	(2999, 329, 0.125, 1),
	(3000, 329, 0.125, 1),
	(3001, 329, 0.125, 0),
	(3002, 329, 0.125, 1),
	(3003, 329, 0.125, 0),
	(3004, 329, 0.0625, 1),
	(3005, 330, 0.125, 0.5),
	(3006, 330, 0.125, 0),
	(3007, 330, 0.0625, 1),
	(3008, 330, 0.125, 0),
	(3009, 330, 0.125, 0.5),
	(3010, 330, 0.125, 0),
	(3011, 330, 0.125, 0),
	(3012, 330, 0.125, 0),
	(3013, 330, 0.0625, 0),
	(3014, 331, 0.125, 0),
	(3015, 331, 0.125, 0.5),
	(3016, 331, 0.0625, 0.5),
	(3017, 331, 0.125, 0),
	(3018, 331, 0.125, 1),
	(3019, 331, 0.125, 0),
	(3020, 331, 0.125, 0),
	(3021, 331, 0.125, 0),
	(3022, 331, 0.0625, 0),
	(3023, 332, 0.125, 0),
	(3024, 332, 0.125, 0),
	(3025, 332, 0.0625, 0),
	(3026, 332, 0.125, 0),
	(3027, 332, 0.125, 0),
	(3028, 332, 0.125, 0),
	(3029, 332, 0.125, 0),
	(3030, 332, 0.125, 0),
	(3031, 332, 0.0625, 0),
	(3032, 333, 0.125, 0),
	(3033, 333, 0.125, 0),
	(3034, 333, 0.0625, 0),
	(3035, 333, 0.125, 0),
	(3036, 333, 0.125, 0),
	(3037, 333, 0.125, 0),
	(3038, 333, 0.125, 0),
	(3039, 333, 0.125, 0),
	(3040, 333, 0.0625, 0),
	(3041, 334, 0.125, 1),
	(3042, 334, 0.125, 0),
	(3043, 334, 0.0625, 1),
	(3044, 334, 0.125, 0),
	(3045, 334, 0.125, 1),
	(3046, 334, 0.125, 0),
	(3047, 334, 0.125, 1),
	(3048, 334, 0.125, 0),
	(3049, 334, 0.0625, 0),
	(3050, 335, 0.0714286, 0),
	(3051, 335, 0.142857, 1),
	(3052, 335, 0.0714286, 1),
	(3053, 335, 0.142857, 1),
	(3054, 335, 0.0714286, 1),
	(3055, 335, 0.142857, 1),
	(3056, 335, 0.0714286, 1),
	(3057, 335, 0.142857, 1),
	(3058, 335, 0.142857, 1),
	(3059, 336, 0.0714286, 0),
	(3060, 336, 0.142857, 1),
	(3061, 336, 0.0714286, 1),
	(3062, 336, 0.142857, 0),
	(3063, 336, 0.0714286, 0),
	(3064, 336, 0.142857, 1),
	(3065, 336, 0.0714286, 0),
	(3066, 336, 0.142857, 1),
	(3067, 336, 0.142857, 0),
	(3068, 337, 0.0714286, 1),
	(3069, 337, 0.142857, 0.5),
	(3070, 337, 0.0714286, 1),
	(3071, 337, 0.142857, 0),
	(3072, 337, 0.0714286, 0),
	(3073, 337, 0.142857, 0.5),
	(3074, 337, 0.0714286, 0),
	(3075, 337, 0.142857, 0.5),
	(3076, 337, 0.142857, 1),
	(3077, 338, 0.0714286, 1),
	(3078, 338, 0.142857, 1),
	(3079, 338, 0.0714286, 1),
	(3080, 338, 0.142857, 0),
	(3081, 338, 0.0714286, 0),
	(3082, 338, 0.142857, 1),
	(3083, 338, 0.0714286, 0),
	(3084, 338, 0.142857, 0),
	(3085, 338, 0.142857, 0),
	(3086, 339, 0.0714286, 0),
	(3087, 339, 0.142857, 0),
	(3088, 339, 0.0714286, 0),
	(3089, 339, 0.142857, 0),
	(3090, 339, 0.0714286, 0),
	(3091, 339, 0.142857, 0),
	(3092, 339, 0.0714286, 0),
	(3093, 339, 0.142857, 0),
	(3094, 339, 0.142857, 0),
	(3095, 340, 0.0714286, 1),
	(3096, 340, 0.142857, 1),
	(3097, 340, 0.0714286, 1),
	(3098, 340, 0.142857, 1),
	(3099, 340, 0.0714286, 1),
	(3100, 340, 0.142857, 1),
	(3101, 340, 0.0714286, 0),
	(3102, 340, 0.142857, 1),
	(3103, 340, 0.142857, 0),
	(3104, 341, 0.0714286, 1),
	(3105, 341, 0.142857, 0.5),
	(3106, 341, 0.0714286, 0),
	(3107, 341, 0.142857, 1),
	(3108, 341, 0.0714286, 1),
	(3109, 341, 0.142857, 0),
	(3110, 341, 0.0714286, 1),
	(3111, 341, 0.142857, 0),
	(3112, 341, 0.142857, 1),
	(3113, 342, 0.0714286, 0.5),
	(3114, 342, 0.142857, 0),
	(3115, 342, 0.0714286, 1),
	(3116, 342, 0.142857, 0),
	(3117, 342, 0.0714286, 0.5),
	(3118, 342, 0.142857, 0),
	(3119, 342, 0.0714286, 0),
	(3120, 342, 0.142857, 0),
	(3121, 342, 0.142857, 0),
	(3122, 343, 0.0714286, 0),
	(3123, 343, 0.142857, 0.5),
	(3124, 343, 0.0714286, 0.5),
	(3125, 343, 0.142857, 0),
	(3126, 343, 0.0714286, 1),
	(3127, 343, 0.142857, 0),
	(3128, 343, 0.0714286, 0),
	(3129, 343, 0.142857, 0),
	(3130, 343, 0.142857, 0),
	(3131, 344, 0.0714286, 0),
	(3132, 344, 0.142857, 0),
	(3133, 344, 0.0714286, 0),
	(3134, 344, 0.142857, 0),
	(3135, 344, 0.0714286, 0),
	(3136, 344, 0.142857, 0),
	(3137, 344, 0.0714286, 0),
	(3138, 344, 0.142857, 0),
	(3139, 344, 0.142857, 0),
	(3140, 345, 0.0714286, 0),
	(3141, 345, 0.142857, 0),
	(3142, 345, 0.0714286, 0),
	(3143, 345, 0.142857, 0),
	(3144, 345, 0.0714286, 0),
	(3145, 345, 0.142857, 0),
	(3146, 345, 0.0714286, 0),
	(3147, 345, 0.142857, 0),
	(3148, 345, 0.142857, 0),
	(3149, 346, 0.0714286, 1),
	(3150, 346, 0.142857, 0),
	(3151, 346, 0.0714286, 1),
	(3152, 346, 0.142857, 0),
	(3153, 346, 0.0714286, 1),
	(3154, 346, 0.142857, 0),
	(3155, 346, 0.0714286, 1),
	(3156, 346, 0.142857, 0),
	(3157, 346, 0.142857, 0),
	(3158, 347, 0.117647, 0),
	(3159, 347, 0.117647, 1),
	(3160, 347, 0.117647, 1),
	(3161, 347, 0.117647, 1),
	(3162, 347, 0.117647, 1),
	(3163, 347, 0.117647, 1),
	(3164, 347, 0.117647, 1),
	(3165, 347, 0.117647, 1),
	(3166, 347, 0.0588235, 1),
	(3167, 348, 0.117647, 0),
	(3168, 348, 0.117647, 1),
	(3169, 348, 0.117647, 1),
	(3170, 348, 0.117647, 0),
	(3171, 348, 0.117647, 0),
	(3172, 348, 0.117647, 1),
	(3173, 348, 0.117647, 0),
	(3174, 348, 0.117647, 1),
	(3175, 348, 0.0588235, 0),
	(3176, 349, 0.117647, 1),
	(3177, 349, 0.117647, 0.5),
	(3178, 349, 0.117647, 1),
	(3179, 349, 0.117647, 0),
	(3180, 349, 0.117647, 0),
	(3181, 349, 0.117647, 0.5),
	(3182, 349, 0.117647, 0),
	(3183, 349, 0.117647, 0.5),
	(3184, 349, 0.0588235, 1),
	(3185, 350, 0.117647, 1),
	(3186, 350, 0.117647, 1),
	(3187, 350, 0.117647, 1),
	(3188, 350, 0.117647, 0),
	(3189, 350, 0.117647, 0),
	(3190, 350, 0.117647, 1),
	(3191, 350, 0.117647, 0),
	(3192, 350, 0.117647, 0),
	(3193, 350, 0.0588235, 0),
	(3194, 351, 0.117647, 0),
	(3195, 351, 0.117647, 0),
	(3196, 351, 0.117647, 0),
	(3197, 351, 0.117647, 0),
	(3198, 351, 0.117647, 0),
	(3199, 351, 0.117647, 0),
	(3200, 351, 0.117647, 0),
	(3201, 351, 0.117647, 0),
	(3202, 351, 0.0588235, 0),
	(3203, 352, 0.117647, 1),
	(3204, 352, 0.117647, 1),
	(3205, 352, 0.117647, 1),
	(3206, 352, 0.117647, 1),
	(3207, 352, 0.117647, 1),
	(3208, 352, 0.117647, 1),
	(3209, 352, 0.117647, 0),
	(3210, 352, 0.117647, 1),
	(3211, 352, 0.0588235, 0),
	(3212, 353, 0.117647, 1),
	(3213, 353, 0.117647, 0.5),
	(3214, 353, 0.117647, 0),
	(3215, 353, 0.117647, 1),
	(3216, 353, 0.117647, 1),
	(3217, 353, 0.117647, 0),
	(3218, 353, 0.117647, 1),
	(3219, 353, 0.117647, 0),
	(3220, 353, 0.0588235, 1),
	(3221, 354, 0.117647, 0.5),
	(3222, 354, 0.117647, 0),
	(3223, 354, 0.117647, 1),
	(3224, 354, 0.117647, 0),
	(3225, 354, 0.117647, 0.5),
	(3226, 354, 0.117647, 0),
	(3227, 354, 0.117647, 0),
	(3228, 354, 0.117647, 0),
	(3229, 354, 0.0588235, 0),
	(3230, 355, 0.117647, 0),
	(3231, 355, 0.117647, 0.5),
	(3232, 355, 0.117647, 0.5),
	(3233, 355, 0.117647, 0),
	(3234, 355, 0.117647, 1),
	(3235, 355, 0.117647, 0),
	(3236, 355, 0.117647, 0),
	(3237, 355, 0.117647, 0),
	(3238, 355, 0.0588235, 0),
	(3239, 356, 0.117647, 0),
	(3240, 356, 0.117647, 0),
	(3241, 356, 0.117647, 0),
	(3242, 356, 0.117647, 0),
	(3243, 356, 0.117647, 0),
	(3244, 356, 0.117647, 0),
	(3245, 356, 0.117647, 0),
	(3246, 356, 0.117647, 0),
	(3247, 356, 0.0588235, 0),
	(3248, 357, 0.117647, 0),
	(3249, 357, 0.117647, 0),
	(3250, 357, 0.117647, 0),
	(3251, 357, 0.117647, 0),
	(3252, 357, 0.117647, 0),
	(3253, 357, 0.117647, 0),
	(3254, 357, 0.117647, 0),
	(3255, 357, 0.117647, 0),
	(3256, 357, 0.0588235, 0),
	(3257, 358, 0.117647, 1),
	(3258, 358, 0.117647, 0),
	(3259, 358, 0.117647, 1),
	(3260, 358, 0.117647, 0),
	(3261, 358, 0.117647, 1),
	(3262, 358, 0.117647, 0),
	(3263, 358, 0.117647, 1),
	(3264, 358, 0.117647, 0),
	(3265, 358, 0.0588235, 0),
	(3266, 359, 0.125, 0),
	(3267, 359, 0.125, 1),
	(3268, 359, 0.125, 1),
	(3269, 359, 0.125, 1),
	(3270, 359, 0.125, 1),
	(3271, 359, 0.125, 1),
	(3272, 359, 0.0625, 1),
	(3273, 359, 0.125, 1),
	(3274, 359, 0.0625, 1),
	(3275, 360, 0.125, 0),
	(3276, 360, 0.125, 1),
	(3277, 360, 0.125, 1),
	(3278, 360, 0.125, 0),
	(3279, 360, 0.125, 0),
	(3280, 360, 0.125, 1),
	(3281, 360, 0.0625, 0),
	(3282, 360, 0.125, 1),
	(3283, 360, 0.0625, 0),
	(3284, 361, 0.125, 1),
	(3285, 361, 0.125, 0.5),
	(3286, 361, 0.125, 1),
	(3287, 361, 0.125, 0),
	(3288, 361, 0.125, 0),
	(3289, 361, 0.125, 0.5),
	(3290, 361, 0.0625, 0),
	(3291, 361, 0.125, 0.5),
	(3292, 361, 0.0625, 1),
	(3293, 362, 0.125, 0),
	(3294, 362, 0.125, 1),
	(3295, 362, 0.125, 1),
	(3296, 362, 0.125, 1),
	(3297, 362, 0.125, 1),
	(3298, 362, 0.125, 1),
	(3299, 362, 0.0625, 0),
	(3300, 362, 0.125, 1),
	(3301, 362, 0.0625, 0),
	(3302, 363, 0.125, 1),
	(3303, 363, 0.125, 1),
	(3304, 363, 0.125, 1),
	(3305, 363, 0.125, 0),
	(3306, 363, 0.125, 0),
	(3307, 363, 0.125, 1),
	(3308, 363, 0.0625, 0),
	(3309, 363, 0.125, 0),
	(3310, 363, 0.0625, 0),
	(3311, 364, 0.125, 0),
	(3312, 364, 0.125, 0),
	(3313, 364, 0.125, 0),
	(3314, 364, 0.125, 0),
	(3315, 364, 0.125, 0),
	(3316, 364, 0.125, 0),
	(3317, 364, 0.0625, 0),
	(3318, 364, 0.125, 0),
	(3319, 364, 0.0625, 0),
	(3320, 365, 0.125, 1),
	(3321, 365, 0.125, 1),
	(3322, 365, 0.125, 1),
	(3323, 365, 0.125, 1),
	(3324, 365, 0.125, 1),
	(3325, 365, 0.125, 1),
	(3326, 365, 0.0625, 0),
	(3327, 365, 0.125, 1),
	(3328, 365, 0.0625, 0),
	(3329, 366, 0.125, 1),
	(3330, 366, 0.125, 0.5),
	(3331, 366, 0.125, 0),
	(3332, 366, 0.125, 1),
	(3333, 366, 0.125, 1),
	(3334, 366, 0.125, 0),
	(3335, 366, 0.0625, 1),
	(3336, 366, 0.125, 0),
	(3337, 366, 0.0625, 1),
	(3338, 367, 0.125, 0.5),
	(3339, 367, 0.125, 0),
	(3340, 367, 0.125, 1),
	(3341, 367, 0.125, 0),
	(3342, 367, 0.125, 0.5),
	(3343, 367, 0.125, 0),
	(3344, 367, 0.0625, 0),
	(3345, 367, 0.125, 0),
	(3346, 367, 0.0625, 0),
	(3347, 368, 0.125, 0),
	(3348, 368, 0.125, 0.5),
	(3349, 368, 0.125, 0.5),
	(3350, 368, 0.125, 0),
	(3351, 368, 0.125, 1),
	(3352, 368, 0.125, 0),
	(3353, 368, 0.0625, 0),
	(3354, 368, 0.125, 0),
	(3355, 368, 0.0625, 0),
	(3356, 369, 0.125, 0),
	(3357, 369, 0.125, 0),
	(3358, 369, 0.125, 0),
	(3359, 369, 0.125, 0),
	(3360, 369, 0.125, 0),
	(3361, 369, 0.125, 0),
	(3362, 369, 0.0625, 0),
	(3363, 369, 0.125, 0),
	(3364, 369, 0.0625, 0),
	(3365, 370, 0.125, 0),
	(3366, 370, 0.125, 0),
	(3367, 370, 0.125, 0),
	(3368, 370, 0.125, 0),
	(3369, 370, 0.125, 0),
	(3370, 370, 0.125, 0),
	(3371, 370, 0.0625, 0),
	(3372, 370, 0.125, 0),
	(3373, 370, 0.0625, 0),
	(3374, 371, 0.125, 1),
	(3375, 371, 0.125, 0),
	(3376, 371, 0.125, 1),
	(3377, 371, 0.125, 0),
	(3378, 371, 0.125, 1),
	(3379, 371, 0.125, 0),
	(3380, 371, 0.0625, 1),
	(3381, 371, 0.125, 0),
	(3382, 371, 0.0625, 0);
